latitude,longitude,filename,sst,chlor_a,Kd_490
-50.262615,15.229508,AQUA_MODIS.20200127T140000.L2.OC.nc,,0.11267698,0.046
-50.262615,15.255254,AQUA_MODIS.20200127T140000.L2.OC.nc,,0.107440665,0.043399997
-50.252014,15.152274,AQUA_MODIS.20200127T140000.L2.OC.nc,,0.11947592,0.0468
-50.252014,15.229508,AQUA_MODIS.20200127T140000.L2.OC.nc,,0.12124752,0.0486
-50.252014,15.255254,AQUA_MODIS.20200127T140000.L2.OC.nc,,0.11811844,0.045399997
-50.241417,15.229508,AQUA_MODIS.20200127T140000.L2.OC.nc,,0.12209757,0.0462
-50.241417,15.255254,AQUA_MODIS.20200127T140000.L2.OC.nc,,0.12276436,0.0466
-49.945274,20.101612,AQUA_MODIS.20200127T135500.L2.OC.nc,,0.4156986,0.0894
2.9374616,1.127264,AQUA_MODIS.20200127T141001.L2.OC.nc,,0.039101098,0.032199997
2.999334,0.99814415,AQUA_MODIS.20200127T141001.L2.OC.nc,,0.03711143,0.0208
3.03027,0.99814415,AQUA_MODIS.20200127T141001.L2.OC.nc,,0.04143216,0.0252
3.0405822,0.99814415,AQUA_MODIS.20200127T141001.L2.OC.nc,,0.041999906,0.0284
3.0405822,1.0165901,AQUA_MODIS.20200127T141001.L2.OC.nc,,0.04497922,0.030399999
3.0508943,0.99814415,AQUA_MODIS.20200127T141001.L2.OC.nc,,0.048720766,0.0326
32.898026,-8.885567,AQUA_MODIS.20200127T142001.L2.OC.nc,,0.11257097,0.038399998
32.90846,-8.885567,AQUA_MODIS.20200127T142001.L2.OC.nc,,0.110936925,0.030399999
32.90846,-8.864464,AQUA_MODIS.20200127T142001.L2.OC.nc,,0.116157435,0.0328
32.91889,-8.885567,AQUA_MODIS.20200127T142001.L2.OC.nc,,0.109123394,0.025799999
32.91889,-8.864464,AQUA_MODIS.20200127T142001.L2.OC.nc,,0.1146041,0.0298
32.929325,-8.885567,AQUA_MODIS.20200127T142001.L2.OC.nc,,0.24778324,0.064399995
32.929325,-8.864464,AQUA_MODIS.20200127T142001.L2.OC.nc,,0.11465747,0.0284
32.929325,-8.843361,AQUA_MODIS.20200127T142001.L2.OC.nc,,0.11604281,0.034199998
32.93976,-8.864464,AQUA_MODIS.20200127T142001.L2.OC.nc,,0.22514684,0.0614
32.93976,-8.843361,AQUA_MODIS.20200127T142001.L2.OC.nc,,0.108896494,0.0324
32.950188,-8.843361,AQUA_MODIS.20200127T142001.L2.OC.nc,,0.13805403,0.0382
32.950188,-8.822258,AQUA_MODIS.20200127T142001.L2.OC.nc,,0.11763624,0.0354
32.960625,-8.843361,AQUA_MODIS.20200127T142001.L2.OC.nc,,0.16224548,0.0266
32.960625,-8.822258,AQUA_MODIS.20200127T142001.L2.OC.nc,,0.11767597,0.0334
32.960625,-8.801153,AQUA_MODIS.20200127T142001.L2.OC.nc,,0.120142385,0.0374
32.971054,-8.843361,AQUA_MODIS.20200127T142001.L2.OC.nc,,0.28746137,0.073
32.971054,-8.822258,AQUA_MODIS.20200127T142001.L2.OC.nc,,0.122686855,0.0336
32.971054,-8.801153,AQUA_MODIS.20200127T142001.L2.OC.nc,,0.11837002,0.036399998
32.981487,-8.822258,AQUA_MODIS.20200127T142001.L2.OC.nc,,0.16644052,0.049999997
32.981487,-8.801153,AQUA_MODIS.20200127T142001.L2.OC.nc,,0.11443119,0.036
32.981487,-8.78005,AQUA_MODIS.20200127T142001.L2.OC.nc,,0.115204185,0.036199998
32.99192,-8.822258,AQUA_MODIS.20200127T142001.L2.OC.nc,,0.1487444,0.0446
32.99192,-8.801153,AQUA_MODIS.20200127T142001.L2.OC.nc,,0.116528936,0.0358
32.99192,-8.78005,AQUA_MODIS.20200127T142001.L2.OC.nc,,0.12142614,0.036599997
32.99192,-8.758947,AQUA_MODIS.20200127T142001.L2.OC.nc,,0.12588273,0.0382
33.002354,-8.822258,AQUA_MODIS.20200127T142001.L2.OC.nc,,0.13002369,0.0418
33.002354,-8.801153,AQUA_MODIS.20200127T142001.L2.OC.nc,,0.120548345,0.038399998
33.002354,-8.78005,AQUA_MODIS.20200127T142001.L2.OC.nc,,0.1216545,0.038599998
33.002354,-8.758947,AQUA_MODIS.20200127T142001.L2.OC.nc,,0.12718703,0.039
33.012787,-8.801153,AQUA_MODIS.20200127T142001.L2.OC.nc,,0.119866095,0.038799997
33.012787,-8.78005,AQUA_MODIS.20200127T142001.L2.OC.nc,,0.11910602,0.038399998
33.012787,-8.758947,AQUA_MODIS.20200127T142001.L2.OC.nc,,0.12240924,0.0376
33.012787,-8.737844,AQUA_MODIS.20200127T142001.L2.OC.nc,,0.12717468,0.039
33.02322,-8.801153,AQUA_MODIS.20200127T142001.L2.OC.nc,,0.12606232,0.0404
33.02322,-8.78005,AQUA_MODIS.20200127T142001.L2.OC.nc,,0.11989081,0.0382
33.02322,-8.758947,AQUA_MODIS.20200127T142001.L2.OC.nc,,0.119616844,0.036599997
33.02322,-8.737844,AQUA_MODIS.20200127T142001.L2.OC.nc,,0.122811474,0.0358
33.02322,-8.716742,AQUA_MODIS.20200127T142001.L2.OC.nc,,0.113561586,0.034399997
33.033653,-8.843361,AQUA_MODIS.20200127T142001.L2.OC.nc,,0.09746695,0.0186
33.033653,-8.801153,AQUA_MODIS.20200127T142001.L2.OC.nc,,0.14228915,0.0464
33.033653,-8.78005,AQUA_MODIS.20200127T142001.L2.OC.nc,,0.13040915,0.0416
33.033653,-8.758947,AQUA_MODIS.20200127T142001.L2.OC.nc,,0.121992946,0.037
33.033653,-8.737844,AQUA_MODIS.20200127T142001.L2.OC.nc,,0.12209317,0.0356
33.033653,-8.716742,AQUA_MODIS.20200127T142001.L2.OC.nc,,0.11572733,0.031999998
33.044083,-8.864464,AQUA_MODIS.20200127T142001.L2.OC.nc,,0.13874239,0.040999997
33.044083,-8.843361,AQUA_MODIS.20200127T142001.L2.OC.nc,,0.11626918,0.0354
33.044083,-8.822258,AQUA_MODIS.20200127T142001.L2.OC.nc,,0.12019412,0.0376
33.044083,-8.801153,AQUA_MODIS.20200127T142001.L2.OC.nc,,0.1440528,0.0482
33.044083,-8.78005,AQUA_MODIS.20200127T142001.L2.OC.nc,,0.13203079,0.040799998
33.044083,-8.758947,AQUA_MODIS.20200127T142001.L2.OC.nc,,0.11710408,0.0352
33.044083,-8.737844,AQUA_MODIS.20200127T142001.L2.OC.nc,,0.12081738,0.0346
33.044083,-8.716742,AQUA_MODIS.20200127T142001.L2.OC.nc,,0.11767713,0.039
33.044083,-8.695639,AQUA_MODIS.20200127T142001.L2.OC.nc,,0.14736702,0.053
33.05452,-8.864464,AQUA_MODIS.20200127T142001.L2.OC.nc,,0.10760491,0.0348
33.05452,-8.843361,AQUA_MODIS.20200127T142001.L2.OC.nc,,0.115907356,0.035
33.05452,-8.822258,AQUA_MODIS.20200127T142001.L2.OC.nc,,0.116062015,0.036199998
33.05452,-8.801153,AQUA_MODIS.20200127T142001.L2.OC.nc,,0.10591586,0.030199999
33.05452,-8.78005,AQUA_MODIS.20200127T142001.L2.OC.nc,,0.12496922,0.038599998
33.05452,-8.758947,AQUA_MODIS.20200127T142001.L2.OC.nc,,0.13799898,0.033999998
33.05452,-8.737844,AQUA_MODIS.20200127T142001.L2.OC.nc,,0.1330597,0.0394
33.05452,-8.695639,AQUA_MODIS.20200127T142001.L2.OC.nc,,0.120644294,0.042999998
33.05452,-8.674536,AQUA_MODIS.20200127T142001.L2.OC.nc,,0.1258142,0.0374
33.06495,-8.864464,AQUA_MODIS.20200127T142001.L2.OC.nc,,0.11360795,0.0368
33.06495,-8.843361,AQUA_MODIS.20200127T142001.L2.OC.nc,,0.12174645,0.036599997
33.06495,-8.822258,AQUA_MODIS.20200127T142001.L2.OC.nc,,0.12689812,0.0376
33.06495,-8.801153,AQUA_MODIS.20200127T142001.L2.OC.nc,,0.13713543,0.034199998
33.06495,-8.78005,AQUA_MODIS.20200127T142001.L2.OC.nc,,0.14062616,0.0356
33.075382,-8.864464,AQUA_MODIS.20200127T142001.L2.OC.nc,,0.1239625,0.040999997
33.075382,-8.843361,AQUA_MODIS.20200127T142001.L2.OC.nc,,0.12243082,0.0374
33.075382,-8.822258,AQUA_MODIS.20200127T142001.L2.OC.nc,,0.13126723,0.0352
33.075382,-8.674536,AQUA_MODIS.20200127T142001.L2.OC.nc,,0.2158896,0.065799996
33.075382,-8.653431,AQUA_MODIS.20200127T142001.L2.OC.nc,,0.09477754,0.029199999
33.085815,-8.864464,AQUA_MODIS.20200127T142001.L2.OC.nc,,0.123938754,0.0374
33.085815,-8.843361,AQUA_MODIS.20200127T142001.L2.OC.nc,,0.1417398,0.0354
33.085815,-8.822258,AQUA_MODIS.20200127T142001.L2.OC.nc,,0.15054221,0.032199997
33.085815,-8.653431,AQUA_MODIS.20200127T142001.L2.OC.nc,,0.14212647,0.047399998
33.085815,-8.632328,AQUA_MODIS.20200127T142001.L2.OC.nc,,0.090622954,0.029199999
33.09625,-8.864464,AQUA_MODIS.20200127T142001.L2.OC.nc,,0.113942295,0.0346
33.09625,-8.632328,AQUA_MODIS.20200127T142001.L2.OC.nc,,0.113464184,0.0378
33.10668,-8.864464,AQUA_MODIS.20200127T142001.L2.OC.nc,,0.11174115,0.0348
33.10668,-8.843361,AQUA_MODIS.20200127T142001.L2.OC.nc,,0.10851625,0.0336
33.10668,-8.611225,AQUA_MODIS.20200127T142001.L2.OC.nc,,0.4106122,0.085
33.117115,-8.864464,AQUA_MODIS.20200127T142001.L2.OC.nc,,0.11051537,0.035
33.117115,-8.843361,AQUA_MODIS.20200127T142001.L2.OC.nc,,0.10893521,0.032199997
33.117115,-8.632328,AQUA_MODIS.20200127T142001.L2.OC.nc,,0.1800287,0.051799998
33.117115,-8.611225,AQUA_MODIS.20200127T142001.L2.OC.nc,,0.10358493,0.0334
33.117115,-8.590122,AQUA_MODIS.20200127T142001.L2.OC.nc,,0.090196975,0.031999998
33.12755,-8.864464,AQUA_MODIS.20200127T142001.L2.OC.nc,,0.11247528,0.036399998
33.12755,-8.843361,AQUA_MODIS.20200127T142001.L2.OC.nc,,0.10538169,0.031
33.12755,-8.590122,AQUA_MODIS.20200127T142001.L2.OC.nc,,0.17748016,0.0576
33.13798,-8.864464,AQUA_MODIS.20200127T142001.L2.OC.nc,,0.112702094,0.036
33.13798,-8.843361,AQUA_MODIS.20200127T142001.L2.OC.nc,,0.10883311,0.0352
33.13798,-8.822258,AQUA_MODIS.20200127T142001.L2.OC.nc,,0.097202316,0.0286
33.13798,-8.569019,AQUA_MODIS.20200127T142001.L2.OC.nc,,0.10757178,0.039
33.148415,-8.864464,AQUA_MODIS.20200127T142001.L2.OC.nc,,0.112164386,0.037
33.148415,-8.843361,AQUA_MODIS.20200127T142001.L2.OC.nc,,0.1124085,0.0356
33.148415,-8.822258,AQUA_MODIS.20200127T142001.L2.OC.nc,,0.10689678,0.036399998
33.148415,-8.801153,AQUA_MODIS.20200127T142001.L2.OC.nc,,0.099995084,0.030599998
33.148415,-8.78005,AQUA_MODIS.20200127T142001.L2.OC.nc,,0.09121191,0.016999999
33.148415,-8.569019,AQUA_MODIS.20200127T142001.L2.OC.nc,,0.10734457,0.0392
33.148415,-8.547916,AQUA_MODIS.20200127T142001.L2.OC.nc,,0.09244648,0.0348
33.158844,-8.864464,AQUA_MODIS.20200127T142001.L2.OC.nc,,0.111617915,0.036599997
33.158844,-8.843361,AQUA_MODIS.20200127T142001.L2.OC.nc,,0.111086205,0.0368
33.158844,-8.822258,AQUA_MODIS.20200127T142001.L2.OC.nc,,0.10541678,0.036
33.158844,-8.801153,AQUA_MODIS.20200127T142001.L2.OC.nc,,0.1099798,0.0374
33.158844,-8.78005,AQUA_MODIS.20200127T142001.L2.OC.nc,,0.10432445,0.0338
33.158844,-8.758947,AQUA_MODIS.20200127T142001.L2.OC.nc,,0.0868483,0.0252
33.158844,-8.716742,AQUA_MODIS.20200127T142001.L2.OC.nc,,0.09902437,0.023799999
33.158844,-8.695639,AQUA_MODIS.20200127T142001.L2.OC.nc,,0.07514714,0.0166
33.158844,-8.569019,AQUA_MODIS.20200127T142001.L2.OC.nc,,0.10105104,0.038399998
33.158844,-8.547916,AQUA_MODIS.20200127T142001.L2.OC.nc,,0.10060143,0.038
33.169277,-8.864464,AQUA_MODIS.20200127T142001.L2.OC.nc,,0.10941397,0.0348
33.169277,-8.843361,AQUA_MODIS.20200127T142001.L2.OC.nc,,0.11328012,0.0356
33.169277,-8.822258,AQUA_MODIS.20200127T142001.L2.OC.nc,,0.10905446,0.035
33.169277,-8.801153,AQUA_MODIS.20200127T142001.L2.OC.nc,,0.10316571,0.036599997
33.169277,-8.78005,AQUA_MODIS.20200127T142001.L2.OC.nc,,0.104159445,0.035
33.169277,-8.758947,AQUA_MODIS.20200127T142001.L2.OC.nc,,0.09600031,0.0326
33.169277,-8.737844,AQUA_MODIS.20200127T142001.L2.OC.nc,,0.10021004,0.0324
33.169277,-8.716742,AQUA_MODIS.20200127T142001.L2.OC.nc,,0.096736014,0.03
33.169277,-8.695639,AQUA_MODIS.20200127T142001.L2.OC.nc,,0.09534229,0.029
33.169277,-8.674536,AQUA_MODIS.20200127T142001.L2.OC.nc,,0.08152383,0.021399999
33.169277,-8.653431,AQUA_MODIS.20200127T142001.L2.OC.nc,,0.07533692,0.0198
33.169277,-8.632328,AQUA_MODIS.20200127T142001.L2.OC.nc,,0.10019285,0.030199999
33.169277,-8.611225,AQUA_MODIS.20200127T142001.L2.OC.nc,,0.09559809,0.030599998
33.169277,-8.590122,AQUA_MODIS.20200127T142001.L2.OC.nc,,0.08898606,0.033999998
33.169277,-8.569019,AQUA_MODIS.20200127T142001.L2.OC.nc,,0.09227584,0.0358
33.169277,-8.547916,AQUA_MODIS.20200127T142001.L2.OC.nc,,0.095298156,0.0356
33.169277,-8.5268135,AQUA_MODIS.20200127T142001.L2.OC.nc,,0.1024184,0.033999998
33.17971,-8.864464,AQUA_MODIS.20200127T142001.L2.OC.nc,,0.15600868,0.031799998
33.17971,-8.843361,AQUA_MODIS.20200127T142001.L2.OC.nc,,0.11857372,0.031799998
33.17971,-8.822258,AQUA_MODIS.20200127T142001.L2.OC.nc,,0.10796939,0.034199998
33.17971,-8.801153,AQUA_MODIS.20200127T142001.L2.OC.nc,,0.10299193,0.0348
33.17971,-8.78005,AQUA_MODIS.20200127T142001.L2.OC.nc,,0.10010392,0.035
33.17971,-8.758947,AQUA_MODIS.20200127T142001.L2.OC.nc,,0.099288076,0.0346
33.17971,-8.737844,AQUA_MODIS.20200127T142001.L2.OC.nc,,0.105399854,0.0358
33.17971,-8.716742,AQUA_MODIS.20200127T142001.L2.OC.nc,,0.10353419,0.0348
33.17971,-8.695639,AQUA_MODIS.20200127T142001.L2.OC.nc,,0.10260955,0.0332
33.17971,-8.674536,AQUA_MODIS.20200127T142001.L2.OC.nc,,0.103784665,0.0326
33.17971,-8.653431,AQUA_MODIS.20200127T142001.L2.OC.nc,,0.098407626,0.0338
33.17971,-8.632328,AQUA_MODIS.20200127T142001.L2.OC.nc,,0.09946986,0.0346
33.17971,-8.611225,AQUA_MODIS.20200127T142001.L2.OC.nc,,0.09121158,0.0334
33.17971,-8.590122,AQUA_MODIS.20200127T142001.L2.OC.nc,,0.09468237,0.0348
33.17971,-8.569019,AQUA_MODIS.20200127T142001.L2.OC.nc,,0.11163039,0.0324
33.17971,-8.547916,AQUA_MODIS.20200127T142001.L2.OC.nc,,0.12500566,0.030599998
33.17971,-8.5268135,AQUA_MODIS.20200127T142001.L2.OC.nc,,0.123861566,0.0308
33.190144,-8.801153,AQUA_MODIS.20200127T142001.L2.OC.nc,,0.11053701,0.0396
33.190144,-8.78005,AQUA_MODIS.20200127T142001.L2.OC.nc,,0.098793924,0.0352
33.190144,-8.758947,AQUA_MODIS.20200127T142001.L2.OC.nc,,0.10285869,0.036399998
33.190144,-8.737844,AQUA_MODIS.20200127T142001.L2.OC.nc,,0.107294075,0.036599997
33.190144,-8.716742,AQUA_MODIS.20200127T142001.L2.OC.nc,,0.10533976,0.038
33.190144,-8.695639,AQUA_MODIS.20200127T142001.L2.OC.nc,,0.10236559,0.0356
33.190144,-8.674536,AQUA_MODIS.20200127T142001.L2.OC.nc,,0.10391816,0.0352
33.190144,-8.653431,AQUA_MODIS.20200127T142001.L2.OC.nc,,0.10541684,0.035
33.190144,-8.632328,AQUA_MODIS.20200127T142001.L2.OC.nc,,0.100807026,0.0358
33.190144,-8.611225,AQUA_MODIS.20200127T142001.L2.OC.nc,,0.10071501,0.033999998
33.190144,-8.590122,AQUA_MODIS.20200127T142001.L2.OC.nc,,0.118251875,0.032199997
33.190144,-8.569019,AQUA_MODIS.20200127T142001.L2.OC.nc,,0.1286083,0.031799998
33.200577,-8.801153,AQUA_MODIS.20200127T142001.L2.OC.nc,,0.2030378,0.063599996
33.200577,-8.78005,AQUA_MODIS.20200127T142001.L2.OC.nc,,0.10508587,0.036199998
33.200577,-8.758947,AQUA_MODIS.20200127T142001.L2.OC.nc,,0.10129301,0.037
33.200577,-8.737844,AQUA_MODIS.20200127T142001.L2.OC.nc,,0.10755241,0.0368
33.200577,-8.716742,AQUA_MODIS.20200127T142001.L2.OC.nc,,0.10949184,0.0378
33.200577,-8.695639,AQUA_MODIS.20200127T142001.L2.OC.nc,,0.12168586,0.0338
33.200577,-8.674536,AQUA_MODIS.20200127T142001.L2.OC.nc,,0.10905012,0.033999998
33.200577,-8.653431,AQUA_MODIS.20200127T142001.L2.OC.nc,,0.10613052,0.036
33.200577,-8.632328,AQUA_MODIS.20200127T142001.L2.OC.nc,,0.09710722,0.0404
33.200577,-8.611225,AQUA_MODIS.20200127T142001.L2.OC.nc,,0.13683921,0.0378
33.21101,-8.78005,AQUA_MODIS.20200127T142001.L2.OC.nc,,0.11759928,0.042999998
33.21101,-8.758947,AQUA_MODIS.20200127T142001.L2.OC.nc,,0.108511284,0.038399998
33.21101,-8.737844,AQUA_MODIS.20200127T142001.L2.OC.nc,,0.1069369,0.0376
33.21101,-8.716742,AQUA_MODIS.20200127T142001.L2.OC.nc,,0.12003405,0.0426
33.21101,-8.695639,AQUA_MODIS.20200127T142001.L2.OC.nc,,0.16432178,0.055999998
33.21101,-8.632328,AQUA_MODIS.20200127T142001.L2.OC.nc,,0.14299507,0.0458
33.221443,-8.78005,AQUA_MODIS.20200127T142001.L2.OC.nc,,0.16157988,0.0534
33.221443,-8.758947,AQUA_MODIS.20200127T142001.L2.OC.nc,,0.10330082,0.036599997
33.221443,-8.737844,AQUA_MODIS.20200127T142001.L2.OC.nc,,0.10404208,0.0376
33.221443,-8.716742,AQUA_MODIS.20200127T142001.L2.OC.nc,,0.11165413,0.036199998
33.221443,-8.695639,AQUA_MODIS.20200127T142001.L2.OC.nc,,0.12146349,0.0358
33.221443,-8.674536,AQUA_MODIS.20200127T142001.L2.OC.nc,,0.13197926,0.0314
33.221443,-8.653431,AQUA_MODIS.20200127T142001.L2.OC.nc,,0.10511435,0.0324
33.221443,-8.632328,AQUA_MODIS.20200127T142001.L2.OC.nc,,0.09330671,0.0334
33.221443,-8.611225,AQUA_MODIS.20200127T142001.L2.OC.nc,,0.1258264,0.039
33.221443,-8.590122,AQUA_MODIS.20200127T142001.L2.OC.nc,,0.13899355,0.0288
33.231876,-8.78005,AQUA_MODIS.20200127T142001.L2.OC.nc,,0.114799276,0.0416
33.231876,-8.758947,AQUA_MODIS.20200127T142001.L2.OC.nc,,0.10468805,0.0368
33.231876,-8.737844,AQUA_MODIS.20200127T142001.L2.OC.nc,,0.10274202,0.036199998
33.231876,-8.716742,AQUA_MODIS.20200127T142001.L2.OC.nc,,0.1278286,0.047599997
33.231876,-8.611225,AQUA_MODIS.20200127T142001.L2.OC.nc,,0.18053386,0.053799998
33.24231,-8.801153,AQUA_MODIS.20200127T142001.L2.OC.nc,,0.10684351,0.039
33.24231,-8.78005,AQUA_MODIS.20200127T142001.L2.OC.nc,,0.09649514,0.036199998
33.24231,-8.758947,AQUA_MODIS.20200127T142001.L2.OC.nc,,0.09584054,0.036399998
33.24231,-8.737844,AQUA_MODIS.20200127T142001.L2.OC.nc,,0.0930274,0.0358
33.24231,-8.716742,AQUA_MODIS.20200127T142001.L2.OC.nc,,0.076326534,0.0246
33.24231,-8.695639,AQUA_MODIS.20200127T142001.L2.OC.nc,,0.07596309,0.022599999
33.25274,-8.843361,AQUA_MODIS.20200127T142001.L2.OC.nc,,0.09788241,0.0346
33.25274,-8.822258,AQUA_MODIS.20200127T142001.L2.OC.nc,,0.09984147,0.035
33.25274,-8.801153,AQUA_MODIS.20200127T142001.L2.OC.nc,,0.09614804,0.036
33.25274,-8.78005,AQUA_MODIS.20200127T142001.L2.OC.nc,,0.093716785,0.0372
33.25274,-8.758947,AQUA_MODIS.20200127T142001.L2.OC.nc,,0.09696693,0.0368
33.25274,-8.737844,AQUA_MODIS.20200127T142001.L2.OC.nc,,0.0934364,0.0374
33.25274,-8.716742,AQUA_MODIS.20200127T142001.L2.OC.nc,,0.094645396,0.0372
33.25274,-8.695639,AQUA_MODIS.20200127T142001.L2.OC.nc,,0.09568855,0.0358
33.25274,-8.674536,AQUA_MODIS.20200127T142001.L2.OC.nc,,0.091599874,0.034399997
33.25274,-8.653431,AQUA_MODIS.20200127T142001.L2.OC.nc,,0.093663655,0.0336
33.25274,-8.632328,AQUA_MODIS.20200127T142001.L2.OC.nc,,0.084460214,0.031
33.25274,-8.611225,AQUA_MODIS.20200127T142001.L2.OC.nc,,0.08234419,0.0264
33.263172,-8.843361,AQUA_MODIS.20200127T142001.L2.OC.nc,,0.112661354,0.0418
33.263172,-8.822258,AQUA_MODIS.20200127T142001.L2.OC.nc,,0.09761373,0.0372
33.263172,-8.801153,AQUA_MODIS.20200127T142001.L2.OC.nc,,0.09491013,0.0372
33.263172,-8.78005,AQUA_MODIS.20200127T142001.L2.OC.nc,,0.096913286,0.0378
33.263172,-8.758947,AQUA_MODIS.20200127T142001.L2.OC.nc,,0.09800073,0.038
33.263172,-8.737844,AQUA_MODIS.20200127T142001.L2.OC.nc,,0.0928025,0.0374
33.263172,-8.716742,AQUA_MODIS.20200127T142001.L2.OC.nc,,0.094949946,0.0372
33.263172,-8.695639,AQUA_MODIS.20200127T142001.L2.OC.nc,,0.09452011,0.0354
33.263172,-8.674536,AQUA_MODIS.20200127T142001.L2.OC.nc,,0.09506153,0.0368
33.263172,-8.653431,AQUA_MODIS.20200127T142001.L2.OC.nc,,0.09825351,0.0394
33.273605,-8.822258,AQUA_MODIS.20200127T142001.L2.OC.nc,,0.14153047,0.055999998
33.273605,-8.801153,AQUA_MODIS.20200127T142001.L2.OC.nc,,0.10478395,0.0404
33.273605,-8.78005,AQUA_MODIS.20200127T142001.L2.OC.nc,,0.09356629,0.0368
33.273605,-8.758947,AQUA_MODIS.20200127T142001.L2.OC.nc,,0.09430961,0.038599998
33.273605,-8.737844,AQUA_MODIS.20200127T142001.L2.OC.nc,,0.099621564,0.040999997
33.273605,-8.716742,AQUA_MODIS.20200127T142001.L2.OC.nc,,0.09952404,0.038
38.35437,-4.517214,AQUA_MODIS.20200127T142001.L2.OC.nc,,0.48803163,0.0682
38.35437,-4.496111,AQUA_MODIS.20200127T142001.L2.OC.nc,,0.51927114,0.0698
38.35437,-4.475008,AQUA_MODIS.20200127T142001.L2.OC.nc,,0.5209812,0.0698
38.35437,-4.453903,AQUA_MODIS.20200127T142001.L2.OC.nc,,0.5105782,0.068799995
38.35437,-4.4328003,AQUA_MODIS.20200127T142001.L2.OC.nc,,0.45997003,0.0652
38.35437,-4.4116974,AQUA_MODIS.20200127T142001.L2.OC.nc,,0.41057748,0.0638
38.35437,-4.3905945,AQUA_MODIS.20200127T142001.L2.OC.nc,,0.3981086,0.0638
38.35437,-4.3694916,AQUA_MODIS.20200127T142001.L2.OC.nc,,0.3809772,0.06
38.35437,-4.3483887,AQUA_MODIS.20200127T142001.L2.OC.nc,,0.45560086,0.0682
38.364803,-4.517214,AQUA_MODIS.20200127T142001.L2.OC.nc,,0.48468703,0.0674
38.364803,-4.496111,AQUA_MODIS.20200127T142001.L2.OC.nc,,0.4587722,0.066599995
38.364803,-4.475008,AQUA_MODIS.20200127T142001.L2.OC.nc,,0.5028165,0.0696
38.364803,-4.453903,AQUA_MODIS.20200127T142001.L2.OC.nc,,0.5078241,0.0686
38.364803,-4.4328003,AQUA_MODIS.20200127T142001.L2.OC.nc,,0.46296173,0.066199996
38.364803,-4.4116974,AQUA_MODIS.20200127T142001.L2.OC.nc,,0.47776362,0.0676
38.364803,-4.3905945,AQUA_MODIS.20200127T142001.L2.OC.nc,,0.39463383,0.0626
38.364803,-4.3694916,AQUA_MODIS.20200127T142001.L2.OC.nc,,0.3928083,0.060999997
38.364803,-4.3483887,AQUA_MODIS.20200127T142001.L2.OC.nc,,0.37852043,0.062
38.375237,-4.517214,AQUA_MODIS.20200127T142001.L2.OC.nc,,0.47951588,0.0676
38.375237,-4.496111,AQUA_MODIS.20200127T142001.L2.OC.nc,,0.45246243,0.0676
38.375237,-4.475008,AQUA_MODIS.20200127T142001.L2.OC.nc,,0.49183074,0.0686
38.375237,-4.453903,AQUA_MODIS.20200127T142001.L2.OC.nc,,0.5113686,0.070199996
38.375237,-4.4328003,AQUA_MODIS.20200127T142001.L2.OC.nc,,0.435004,0.0668
38.375237,-4.4116974,AQUA_MODIS.20200127T142001.L2.OC.nc,,0.43213135,0.0652
38.375237,-4.3905945,AQUA_MODIS.20200127T142001.L2.OC.nc,,0.39675462,0.0626
38.375237,-4.3694916,AQUA_MODIS.20200127T142001.L2.OC.nc,,0.38706395,0.064399995
38.375237,-4.3483887,AQUA_MODIS.20200127T142001.L2.OC.nc,,0.40454274,0.0618
38.38567,-4.517214,AQUA_MODIS.20200127T142001.L2.OC.nc,,0.41358334,0.0656
38.38567,-4.496111,AQUA_MODIS.20200127T142001.L2.OC.nc,,0.41434005,0.0642
38.38567,-4.475008,AQUA_MODIS.20200127T142001.L2.OC.nc,,0.44260064,0.0668
38.38567,-4.453903,AQUA_MODIS.20200127T142001.L2.OC.nc,,0.4776605,0.067
38.38567,-4.4328003,AQUA_MODIS.20200127T142001.L2.OC.nc,,0.45667833,0.067999996
38.38567,-4.4116974,AQUA_MODIS.20200127T142001.L2.OC.nc,,0.41856855,0.0646
38.38567,-4.3905945,AQUA_MODIS.20200127T142001.L2.OC.nc,,0.39622915,0.0614
38.38567,-4.3694916,AQUA_MODIS.20200127T142001.L2.OC.nc,,0.36441827,0.0616
38.38567,-4.3483887,AQUA_MODIS.20200127T142001.L2.OC.nc,,0.41929498,0.0624
38.3961,-4.517214,AQUA_MODIS.20200127T142001.L2.OC.nc,,0.4052596,0.066
38.3961,-4.496111,AQUA_MODIS.20200127T142001.L2.OC.nc,,0.4215191,0.0668
38.3961,-4.475008,AQUA_MODIS.20200127T142001.L2.OC.nc,,0.47462028,0.0672
38.3961,-4.453903,AQUA_MODIS.20200127T142001.L2.OC.nc,,0.47615132,0.0674
38.3961,-4.4328003,AQUA_MODIS.20200127T142001.L2.OC.nc,,0.42091742,0.065799996
38.3961,-4.4116974,AQUA_MODIS.20200127T142001.L2.OC.nc,,0.4044401,0.0632
38.3961,-4.3905945,AQUA_MODIS.20200127T142001.L2.OC.nc,,0.38468122,0.060399998
38.3961,-4.3694916,AQUA_MODIS.20200127T142001.L2.OC.nc,,0.3845445,0.0618
38.3961,-4.3483887,AQUA_MODIS.20200127T142001.L2.OC.nc,,0.37806013,0.0616
38.406532,-4.517214,AQUA_MODIS.20200127T142001.L2.OC.nc,,0.39615297,0.0656
38.406532,-4.496111,AQUA_MODIS.20200127T142001.L2.OC.nc,,0.42112395,0.066
38.406532,-4.475008,AQUA_MODIS.20200127T142001.L2.OC.nc,,0.4321121,0.064399995
38.406532,-4.453903,AQUA_MODIS.20200127T142001.L2.OC.nc,,0.45472527,0.066199996
38.406532,-4.4328003,AQUA_MODIS.20200127T142001.L2.OC.nc,,0.44670713,0.0648
38.406532,-4.4116974,AQUA_MODIS.20200127T142001.L2.OC.nc,,0.3840314,0.0614
38.406532,-4.3905945,AQUA_MODIS.20200127T142001.L2.OC.nc,,0.37962252,0.060599998
38.406532,-4.3694916,AQUA_MODIS.20200127T142001.L2.OC.nc,,0.3839801,0.060599998
38.406532,-4.3483887,AQUA_MODIS.20200127T142001.L2.OC.nc,,0.34230304,0.0594
38.416965,-4.517214,AQUA_MODIS.20200127T142001.L2.OC.nc,,0.36133885,0.0616
38.416965,-4.496111,AQUA_MODIS.20200127T142001.L2.OC.nc,,0.40379035,0.063599996
38.416965,-4.475008,AQUA_MODIS.20200127T142001.L2.OC.nc,,0.43083438,0.065
38.416965,-4.453903,AQUA_MODIS.20200127T142001.L2.OC.nc,,0.44147348,0.0654
38.416965,-4.4328003,AQUA_MODIS.20200127T142001.L2.OC.nc,,0.4489136,0.066
38.416965,-4.4116974,AQUA_MODIS.20200127T142001.L2.OC.nc,,0.38564628,0.0624
38.416965,-4.3905945,AQUA_MODIS.20200127T142001.L2.OC.nc,,0.36590984,0.060799997
38.416965,-4.3694916,AQUA_MODIS.20200127T142001.L2.OC.nc,,0.40249965,0.0618
38.416965,-4.3483887,AQUA_MODIS.20200127T142001.L2.OC.nc,,0.37330604,0.0616
38.4274,-4.517214,AQUA_MODIS.20200127T142001.L2.OC.nc,,0.4048111,0.0642
38.4274,-4.496111,AQUA_MODIS.20200127T142001.L2.OC.nc,,0.3686202,0.0622
38.4274,-4.475008,AQUA_MODIS.20200127T142001.L2.OC.nc,,0.36757344,0.0602
38.4274,-4.453903,AQUA_MODIS.20200127T142001.L2.OC.nc,,0.40272844,0.0632
38.4274,-4.4328003,AQUA_MODIS.20200127T142001.L2.OC.nc,,0.3960128,0.0614
38.4274,-4.4116974,AQUA_MODIS.20200127T142001.L2.OC.nc,,0.40010375,0.062
38.4274,-4.3905945,AQUA_MODIS.20200127T142001.L2.OC.nc,,0.3921809,0.063599996
38.4274,-4.3694916,AQUA_MODIS.20200127T142001.L2.OC.nc,,0.4323871,0.0652
38.4274,-4.3483887,AQUA_MODIS.20200127T142001.L2.OC.nc,,0.44758534,0.0652
38.43783,-4.517214,AQUA_MODIS.20200127T142001.L2.OC.nc,,0.37899244,0.063999996
38.43783,-4.496111,AQUA_MODIS.20200127T142001.L2.OC.nc,,0.38630354,0.0628
38.43783,-4.475008,AQUA_MODIS.20200127T142001.L2.OC.nc,,0.4157726,0.0642
38.43783,-4.453903,AQUA_MODIS.20200127T142001.L2.OC.nc,,0.43275303,0.0638
38.43783,-4.4328003,AQUA_MODIS.20200127T142001.L2.OC.nc,,0.4125896,0.063599996
38.43783,-4.4116974,AQUA_MODIS.20200127T142001.L2.OC.nc,,0.37672102,0.060999997
38.43783,-4.3905945,AQUA_MODIS.20200127T142001.L2.OC.nc,,0.34548247,0.058399998
38.43783,-4.3694916,AQUA_MODIS.20200127T142001.L2.OC.nc,,0.36685103,0.059
38.43783,-4.3483887,AQUA_MODIS.20200127T142001.L2.OC.nc,,0.350353,0.0578
38.448265,-4.517214,AQUA_MODIS.20200127T142001.L2.OC.nc,,0.3633872,0.060999997
38.448265,-4.496111,AQUA_MODIS.20200127T142001.L2.OC.nc,,0.3838073,0.0634
38.448265,-4.475008,AQUA_MODIS.20200127T142001.L2.OC.nc,,0.40523046,0.0638
38.448265,-4.453903,AQUA_MODIS.20200127T142001.L2.OC.nc,,0.41444564,0.0634
38.448265,-4.4328003,AQUA_MODIS.20200127T142001.L2.OC.nc,,0.43152827,0.063999996
38.448265,-4.4116974,AQUA_MODIS.20200127T142001.L2.OC.nc,,0.37181044,0.06
38.448265,-4.3905945,AQUA_MODIS.20200127T142001.L2.OC.nc,,0.3597894,0.06
38.448265,-4.3694916,AQUA_MODIS.20200127T142001.L2.OC.nc,,0.3484421,0.0576
38.448265,-4.3483887,AQUA_MODIS.20200127T142001.L2.OC.nc,,0.3229698,0.0572
38.4587,-4.517214,AQUA_MODIS.20200127T142001.L2.OC.nc,,0.3608765,0.060599998
38.4587,-4.496111,AQUA_MODIS.20200127T142001.L2.OC.nc,,0.3489769,0.0602
38.4587,-4.475008,AQUA_MODIS.20200127T142001.L2.OC.nc,,0.39500824,0.065
38.4587,-4.453903,AQUA_MODIS.20200127T142001.L2.OC.nc,,0.40289226,0.0622
38.4587,-4.4328003,AQUA_MODIS.20200127T142001.L2.OC.nc,,0.42159724,0.0626
38.4587,-4.4116974,AQUA_MODIS.20200127T142001.L2.OC.nc,,0.35537714,0.060599998
38.4587,-4.3905945,AQUA_MODIS.20200127T142001.L2.OC.nc,,0.35944995,0.058799997
38.4587,-4.3694916,AQUA_MODIS.20200127T142001.L2.OC.nc,,0.35691643,0.0594
38.4587,-4.3483887,AQUA_MODIS.20200127T142001.L2.OC.nc,,0.37302214,0.058399998
38.46913,-4.517214,AQUA_MODIS.20200127T142001.L2.OC.nc,,0.36944038,0.0618
38.46913,-4.496111,AQUA_MODIS.20200127T142001.L2.OC.nc,,0.36383927,0.060799997
38.46913,-4.475008,AQUA_MODIS.20200127T142001.L2.OC.nc,,0.34240508,0.058799997
38.46913,-4.453903,AQUA_MODIS.20200127T142001.L2.OC.nc,,0.36595792,0.0616
38.46913,-4.4328003,AQUA_MODIS.20200127T142001.L2.OC.nc,,0.3777992,0.060999997
38.46913,-4.4116974,AQUA_MODIS.20200127T142001.L2.OC.nc,,0.37164557,0.0622
38.46913,-4.3905945,AQUA_MODIS.20200127T142001.L2.OC.nc,,0.37819478,0.061199997
38.46913,-4.3694916,AQUA_MODIS.20200127T142001.L2.OC.nc,,0.3756739,0.0602
38.46913,-4.3483887,AQUA_MODIS.20200127T142001.L2.OC.nc,,0.41227046,0.0628
38.479565,-4.517214,AQUA_MODIS.20200127T142001.L2.OC.nc,,0.2923384,0.056199998
38.479565,-4.496111,AQUA_MODIS.20200127T142001.L2.OC.nc,,0.32564813,0.058799997
38.479565,-4.475008,AQUA_MODIS.20200127T142001.L2.OC.nc,,0.33089763,0.0596
38.479565,-4.453903,AQUA_MODIS.20200127T142001.L2.OC.nc,,0.35049802,0.0624
38.479565,-4.4328003,AQUA_MODIS.20200127T142001.L2.OC.nc,,0.37815,0.0638
38.479565,-4.4116974,AQUA_MODIS.20200127T142001.L2.OC.nc,,0.39609975,0.0628
38.479565,-4.3905945,AQUA_MODIS.20200127T142001.L2.OC.nc,,0.39432994,0.063599996
38.479565,-4.3694916,AQUA_MODIS.20200127T142001.L2.OC.nc,,0.38595843,0.062
38.479565,-4.3483887,AQUA_MODIS.20200127T142001.L2.OC.nc,,0.3916284,0.0628
38.489994,-4.517214,AQUA_MODIS.20200127T142001.L2.OC.nc,,0.33104384,0.0592
38.489994,-4.496111,AQUA_MODIS.20200127T142001.L2.OC.nc,,0.33964515,0.0592
38.489994,-4.475008,AQUA_MODIS.20200127T142001.L2.OC.nc,,0.33581626,0.058199998
38.489994,-4.453903,AQUA_MODIS.20200127T142001.L2.OC.nc,,0.35351968,0.0598
38.489994,-4.4328003,AQUA_MODIS.20200127T142001.L2.OC.nc,,0.40981847,0.0638
38.489994,-4.4116974,AQUA_MODIS.20200127T142001.L2.OC.nc,,0.42905167,0.0656
38.489994,-4.3905945,AQUA_MODIS.20200127T142001.L2.OC.nc,,0.39402023,0.0626
38.489994,-4.3694916,AQUA_MODIS.20200127T142001.L2.OC.nc,,0.39128408,0.0616
38.489994,-4.3483887,AQUA_MODIS.20200127T142001.L2.OC.nc,,0.4253924,0.063599996
38.69865,-3.8419132,AQUA_MODIS.20200127T142001.L2.OC.nc,,0.6193026,0.077
38.69865,-3.8208103,AQUA_MODIS.20200127T142001.L2.OC.nc,,0.6875436,0.081599995
38.69865,-3.7997055,AQUA_MODIS.20200127T142001.L2.OC.nc,,0.72493255,0.084199995
38.69865,-3.7786026,AQUA_MODIS.20200127T142001.L2.OC.nc,,0.78965,0.0884
38.69865,-3.7574997,AQUA_MODIS.20200127T142001.L2.OC.nc,,0.7688576,0.087
38.69865,-3.7363968,AQUA_MODIS.20200127T142001.L2.OC.nc,,0.7813411,0.087799996
38.69865,-3.715294,AQUA_MODIS.20200127T142001.L2.OC.nc,,0.94783103,0.098
38.69865,-3.694191,AQUA_MODIS.20200127T142001.L2.OC.nc,,0.7992187,0.088999994
38.69865,-3.673088,AQUA_MODIS.20200127T142001.L2.OC.nc,,0.8127871,0.0898
38.709084,-3.8419132,AQUA_MODIS.20200127T142001.L2.OC.nc,,0.6493512,0.078999996
38.709084,-3.8208103,AQUA_MODIS.20200127T142001.L2.OC.nc,,0.6572994,0.0796
38.709084,-3.7997055,AQUA_MODIS.20200127T142001.L2.OC.nc,,0.75254226,0.085999995
38.709084,-3.7786026,AQUA_MODIS.20200127T142001.L2.OC.nc,,0.75229156,0.085999995
38.709084,-3.7574997,AQUA_MODIS.20200127T142001.L2.OC.nc,,0.88558525,0.0942
38.709084,-3.7363968,AQUA_MODIS.20200127T142001.L2.OC.nc,,0.8621947,0.0928
38.709084,-3.715294,AQUA_MODIS.20200127T142001.L2.OC.nc,,0.8498774,0.092
38.709084,-3.694191,AQUA_MODIS.20200127T142001.L2.OC.nc,,0.9622175,0.098799996
38.709084,-3.673088,AQUA_MODIS.20200127T142001.L2.OC.nc,,0.88014966,0.095
38.719517,-3.8419132,AQUA_MODIS.20200127T142001.L2.OC.nc,,0.67557126,0.0808
38.719517,-3.8208103,AQUA_MODIS.20200127T142001.L2.OC.nc,,0.70080024,0.0826
38.719517,-3.7997055,AQUA_MODIS.20200127T142001.L2.OC.nc,,0.7448313,0.0854
38.719517,-3.7786026,AQUA_MODIS.20200127T142001.L2.OC.nc,,0.798086,0.0888
38.719517,-3.7574997,AQUA_MODIS.20200127T142001.L2.OC.nc,,0.86214435,0.0928
38.719517,-3.7363968,AQUA_MODIS.20200127T142001.L2.OC.nc,,0.87725973,0.0938
38.719517,-3.715294,AQUA_MODIS.20200127T142001.L2.OC.nc,,0.8253768,0.0906
38.719517,-3.694191,AQUA_MODIS.20200127T142001.L2.OC.nc,,0.9161709,0.096
38.719517,-3.673088,AQUA_MODIS.20200127T142001.L2.OC.nc,,0.93819934,0.097399995
38.72995,-3.8419132,AQUA_MODIS.20200127T142001.L2.OC.nc,,0.6636238,0.08
38.72995,-3.8208103,AQUA_MODIS.20200127T142001.L2.OC.nc,,0.6956399,0.0822
38.72995,-3.7997055,AQUA_MODIS.20200127T142001.L2.OC.nc,,0.7533591,0.0862
38.72995,-3.7786026,AQUA_MODIS.20200127T142001.L2.OC.nc,,0.8141938,0.0898
38.72995,-3.7574997,AQUA_MODIS.20200127T142001.L2.OC.nc,,0.8626873,0.0928
38.72995,-3.7363968,AQUA_MODIS.20200127T142001.L2.OC.nc,,0.9267073,0.0968
38.72995,-3.715294,AQUA_MODIS.20200127T142001.L2.OC.nc,,0.8508436,0.0924
38.72995,-3.694191,AQUA_MODIS.20200127T142001.L2.OC.nc,,0.80090034,0.088999994
38.740383,-3.8419132,AQUA_MODIS.20200127T142001.L2.OC.nc,,0.69259226,0.081999995
38.740383,-3.8208103,AQUA_MODIS.20200127T142001.L2.OC.nc,,0.7595136,0.086399995
38.740383,-3.7997055,AQUA_MODIS.20200127T142001.L2.OC.nc,,0.73243916,0.0846
38.740383,-3.7786026,AQUA_MODIS.20200127T142001.L2.OC.nc,,0.79391277,0.088599995
38.740383,-3.7574997,AQUA_MODIS.20200127T142001.L2.OC.nc,,0.84093523,0.0916
38.740383,-3.7363968,AQUA_MODIS.20200127T142001.L2.OC.nc,,0.79614913,0.0888
38.740383,-3.715294,AQUA_MODIS.20200127T142001.L2.OC.nc,,0.79815835,0.0892
38.740383,-3.694191,AQUA_MODIS.20200127T142001.L2.OC.nc,,0.8082174,0.0894
38.740383,-3.673088,AQUA_MODIS.20200127T142001.L2.OC.nc,,0.9079767,0.095599994
38.750816,-3.8419132,AQUA_MODIS.20200127T142001.L2.OC.nc,,0.631384,0.0778
38.750816,-3.8208103,AQUA_MODIS.20200127T142001.L2.OC.nc,,0.61515254,0.076799996
38.750816,-3.7997055,AQUA_MODIS.20200127T142001.L2.OC.nc,,0.6765615,0.081
38.750816,-3.7786026,AQUA_MODIS.20200127T142001.L2.OC.nc,,0.73756635,0.085
38.750816,-3.7574997,AQUA_MODIS.20200127T142001.L2.OC.nc,,0.81605166,0.089999996
38.750816,-3.7363968,AQUA_MODIS.20200127T142001.L2.OC.nc,,0.78232646,0.087799996
38.750816,-3.715294,AQUA_MODIS.20200127T142001.L2.OC.nc,,0.7765177,0.0874
38.750816,-3.694191,AQUA_MODIS.20200127T142001.L2.OC.nc,,0.8978136,0.095
38.750816,-3.673088,AQUA_MODIS.20200127T142001.L2.OC.nc,,0.8257857,0.0906
38.750816,-3.6519833,AQUA_MODIS.20200127T142001.L2.OC.nc,,0.8643059,0.092999995
38.76125,-3.8419132,AQUA_MODIS.20200127T142001.L2.OC.nc,,0.6393421,0.0784
38.76125,-3.8208103,AQUA_MODIS.20200127T142001.L2.OC.nc,,0.66951823,0.0804
38.76125,-3.7997055,AQUA_MODIS.20200127T142001.L2.OC.nc,,0.6852677,0.081599995
38.76125,-3.7786026,AQUA_MODIS.20200127T142001.L2.OC.nc,,0.73278266,0.0846
38.76125,-3.7574997,AQUA_MODIS.20200127T142001.L2.OC.nc,,0.79164433,0.0884
38.76125,-3.7363968,AQUA_MODIS.20200127T142001.L2.OC.nc,,0.82915336,0.090799995
38.76125,-3.715294,AQUA_MODIS.20200127T142001.L2.OC.nc,,0.8894749,0.094399996
38.76125,-3.694191,AQUA_MODIS.20200127T142001.L2.OC.nc,,0.82726127,0.0906
38.76125,-3.673088,AQUA_MODIS.20200127T142001.L2.OC.nc,,0.84455216,0.0918
38.76125,-3.6519833,AQUA_MODIS.20200127T142001.L2.OC.nc,,0.7715957,0.0872
38.771683,-3.8419132,AQUA_MODIS.20200127T142001.L2.OC.nc,,0.6354242,0.0782
38.771683,-3.8208103,AQUA_MODIS.20200127T142001.L2.OC.nc,,0.67424387,0.0808
38.771683,-3.7997055,AQUA_MODIS.20200127T142001.L2.OC.nc,,0.7331003,0.0846
38.771683,-3.7786026,AQUA_MODIS.20200127T142001.L2.OC.nc,,0.7038666,0.0828
38.771683,-3.7574997,AQUA_MODIS.20200127T142001.L2.OC.nc,,0.85786074,0.092599995
38.771683,-3.7363968,AQUA_MODIS.20200127T142001.L2.OC.nc,,0.9190342,0.0962
38.771683,-3.715294,AQUA_MODIS.20200127T142001.L2.OC.nc,,0.8144359,0.0898
38.771683,-3.694191,AQUA_MODIS.20200127T142001.L2.OC.nc,,0.79473424,0.088599995
38.771683,-3.673088,AQUA_MODIS.20200127T142001.L2.OC.nc,,0.9937843,0.1008
38.782112,-3.8419132,AQUA_MODIS.20200127T142001.L2.OC.nc,,0.6807938,0.081199996
38.782112,-3.8208103,AQUA_MODIS.20200127T142001.L2.OC.nc,,0.65692717,0.0796
38.782112,-3.7997055,AQUA_MODIS.20200127T142001.L2.OC.nc,,0.7250851,0.084199995
38.782112,-3.7786026,AQUA_MODIS.20200127T142001.L2.OC.nc,,0.75134027,0.0858
38.782112,-3.7574997,AQUA_MODIS.20200127T142001.L2.OC.nc,,0.7123169,0.083399996
38.782112,-3.7363968,AQUA_MODIS.20200127T142001.L2.OC.nc,,0.8354779,0.091199994
38.782112,-3.715294,AQUA_MODIS.20200127T142001.L2.OC.nc,,0.8086762,0.0894
38.782112,-3.694191,AQUA_MODIS.20200127T142001.L2.OC.nc,,0.793519,0.088599995
38.792545,-3.8419132,AQUA_MODIS.20200127T142001.L2.OC.nc,,0.69537514,0.0822
38.792545,-3.8208103,AQUA_MODIS.20200127T142001.L2.OC.nc,,0.74187905,0.0852
38.792545,-3.7997055,AQUA_MODIS.20200127T142001.L2.OC.nc,,0.7113618,0.0832
38.792545,-3.7786026,AQUA_MODIS.20200127T142001.L2.OC.nc,,0.7793868,0.0876
38.792545,-3.7574997,AQUA_MODIS.20200127T142001.L2.OC.nc,,0.79005873,0.0884
38.792545,-3.7363968,AQUA_MODIS.20200127T142001.L2.OC.nc,,0.78553706,0.088
38.792545,-3.715294,AQUA_MODIS.20200127T142001.L2.OC.nc,,0.73849565,0.085
38.792545,-3.694191,AQUA_MODIS.20200127T142001.L2.OC.nc,,0.730362,0.0846
38.792545,-3.6519833,AQUA_MODIS.20200127T142001.L2.OC.nc,,0.92052764,0.0964
38.80298,-3.8419132,AQUA_MODIS.20200127T142001.L2.OC.nc,,0.67926633,0.081199996
38.80298,-3.8208103,AQUA_MODIS.20200127T142001.L2.OC.nc,,0.7037407,0.0828
38.80298,-3.7997055,AQUA_MODIS.20200127T142001.L2.OC.nc,,0.7261817,0.084199995
38.80298,-3.7786026,AQUA_MODIS.20200127T142001.L2.OC.nc,,0.7151483,0.0836
38.80298,-3.7574997,AQUA_MODIS.20200127T142001.L2.OC.nc,,0.73908925,0.085
38.80298,-3.7363968,AQUA_MODIS.20200127T142001.L2.OC.nc,,0.776559,0.0874
38.80298,-3.715294,AQUA_MODIS.20200127T142001.L2.OC.nc,,0.81482196,0.0898
38.80298,-3.694191,AQUA_MODIS.20200127T142001.L2.OC.nc,,0.8156465,0.089999996
38.80298,-3.673088,AQUA_MODIS.20200127T142001.L2.OC.nc,,0.79775655,0.0888
38.80298,-3.6519833,AQUA_MODIS.20200127T142001.L2.OC.nc,,0.8197829,0.0902
38.81341,-3.8419132,AQUA_MODIS.20200127T142001.L2.OC.nc,,0.68130785,0.081199996
38.81341,-3.8208103,AQUA_MODIS.20200127T142001.L2.OC.nc,,0.7632102,0.0866
38.81341,-3.7997055,AQUA_MODIS.20200127T142001.L2.OC.nc,,0.74104923,0.0852
38.81341,-3.7786026,AQUA_MODIS.20200127T142001.L2.OC.nc,,0.73009706,0.0844
38.81341,-3.7574997,AQUA_MODIS.20200127T142001.L2.OC.nc,,0.71803224,0.0836
38.81341,-3.7363968,AQUA_MODIS.20200127T142001.L2.OC.nc,,0.7611375,0.086399995
38.81341,-3.715294,AQUA_MODIS.20200127T142001.L2.OC.nc,,0.75981075,0.086399995
38.81341,-3.694191,AQUA_MODIS.20200127T142001.L2.OC.nc,,0.7544773,0.085999995
38.81341,-3.673088,AQUA_MODIS.20200127T142001.L2.OC.nc,,0.8388152,0.0914
38.81341,-3.6519833,AQUA_MODIS.20200127T142001.L2.OC.nc,,0.9805154,0.099999994
38.81341,-3.6308804,AQUA_MODIS.20200127T142001.L2.OC.nc,,0.92360127,0.096599996
38.823845,-3.8419132,AQUA_MODIS.20200127T142001.L2.OC.nc,,0.7195126,0.083799995
38.823845,-3.8208103,AQUA_MODIS.20200127T142001.L2.OC.nc,,0.7842854,0.088
38.823845,-3.7997055,AQUA_MODIS.20200127T142001.L2.OC.nc,,0.73364073,0.0848
38.823845,-3.7786026,AQUA_MODIS.20200127T142001.L2.OC.nc,,0.71341306,0.083399996
38.823845,-3.7574997,AQUA_MODIS.20200127T142001.L2.OC.nc,,0.7431757,0.0854
38.823845,-3.7363968,AQUA_MODIS.20200127T142001.L2.OC.nc,,0.78291464,0.087799996
38.823845,-3.715294,AQUA_MODIS.20200127T142001.L2.OC.nc,,0.81945807,0.0902
38.823845,-3.694191,AQUA_MODIS.20200127T142001.L2.OC.nc,,0.871313,0.093399994
38.823845,-3.673088,AQUA_MODIS.20200127T142001.L2.OC.nc,,0.82220274,0.090399995
38.823845,-3.6519833,AQUA_MODIS.20200127T142001.L2.OC.nc,,0.9288632,0.0968
38.823845,-3.6308804,AQUA_MODIS.20200127T142001.L2.OC.nc,,1.011564,0.101799995
38.83428,-3.8419132,AQUA_MODIS.20200127T142001.L2.OC.nc,,0.77273977,0.0872
38.83428,-3.8208103,AQUA_MODIS.20200127T142001.L2.OC.nc,,0.7636894,0.0866
38.83428,-3.7997055,AQUA_MODIS.20200127T142001.L2.OC.nc,,0.70863676,0.083
38.83428,-3.7786026,AQUA_MODIS.20200127T142001.L2.OC.nc,,0.74321145,0.0854
38.83428,-3.7574997,AQUA_MODIS.20200127T142001.L2.OC.nc,,0.7330714,0.0846
38.83428,-3.7363968,AQUA_MODIS.20200127T142001.L2.OC.nc,,0.7678514,0.087
38.83428,-3.715294,AQUA_MODIS.20200127T142001.L2.OC.nc,,0.80362374,0.0892
38.83428,-3.694191,AQUA_MODIS.20200127T142001.L2.OC.nc,,0.8655939,0.092999995
38.83428,-3.673088,AQUA_MODIS.20200127T142001.L2.OC.nc,,0.83415055,0.091
38.83428,-3.6519833,AQUA_MODIS.20200127T142001.L2.OC.nc,,0.8831468,0.094
38.83428,-3.6308804,AQUA_MODIS.20200127T142001.L2.OC.nc,,0.98146385,0.099999994
39.053368,-3.4409523,AQUA_MODIS.20200127T142001.L2.OC.nc,,0.37258014,0.060599998
39.095097,-4.327286,AQUA_MODIS.20200127T142001.L2.OC.nc,,0.51463324,0.0692
39.095097,-4.306183,AQUA_MODIS.20200127T142001.L2.OC.nc,,0.5355313,0.0708
39.095097,-4.285078,AQUA_MODIS.20200127T142001.L2.OC.nc,,0.5853574,0.074599996
39.095097,-4.263975,AQUA_MODIS.20200127T142001.L2.OC.nc,,0.676503,0.081
39.095097,-4.242872,AQUA_MODIS.20200127T142001.L2.OC.nc,,0.7207523,0.083799995
39.095097,-4.2217693,AQUA_MODIS.20200127T142001.L2.OC.nc,,0.7008878,0.0826
39.095097,-4.2006664,AQUA_MODIS.20200127T142001.L2.OC.nc,,0.70054084,0.0826
39.095097,-4.1795635,AQUA_MODIS.20200127T142001.L2.OC.nc,,0.66809034,0.0804
39.095097,-4.1584606,AQUA_MODIS.20200127T142001.L2.OC.nc,,0.54651076,0.0716
39.10553,-4.327286,AQUA_MODIS.20200127T142001.L2.OC.nc,,0.5095272,0.068799995
39.10553,-4.306183,AQUA_MODIS.20200127T142001.L2.OC.nc,,0.57419604,0.0738
39.10553,-4.285078,AQUA_MODIS.20200127T142001.L2.OC.nc,,0.65118325,0.0792
39.10553,-4.263975,AQUA_MODIS.20200127T142001.L2.OC.nc,,0.7068464,0.083
39.10553,-4.242872,AQUA_MODIS.20200127T142001.L2.OC.nc,,0.68229234,0.0814
39.10553,-4.2217693,AQUA_MODIS.20200127T142001.L2.OC.nc,,0.6645073,0.0802
39.10553,-4.2006664,AQUA_MODIS.20200127T142001.L2.OC.nc,,0.6747156,0.0808
39.10553,-4.1795635,AQUA_MODIS.20200127T142001.L2.OC.nc,,0.5911434,0.074999996
39.10553,-4.1584606,AQUA_MODIS.20200127T142001.L2.OC.nc,,0.4840957,0.0668
39.115963,-4.327286,AQUA_MODIS.20200127T142001.L2.OC.nc,,0.559893,0.0726
39.115963,-4.306183,AQUA_MODIS.20200127T142001.L2.OC.nc,,0.57667106,0.074
39.115963,-4.285078,AQUA_MODIS.20200127T142001.L2.OC.nc,,0.6426423,0.0786
39.115963,-4.263975,AQUA_MODIS.20200127T142001.L2.OC.nc,,0.68418986,0.0814
39.115963,-4.242872,AQUA_MODIS.20200127T142001.L2.OC.nc,,0.64015687,0.0784
39.115963,-4.2217693,AQUA_MODIS.20200127T142001.L2.OC.nc,,0.5623396,0.072799996
39.115963,-4.2006664,AQUA_MODIS.20200127T142001.L2.OC.nc,,0.5491905,0.0718
39.115963,-4.1795635,AQUA_MODIS.20200127T142001.L2.OC.nc,,0.45646533,0.064399995
39.115963,-4.1584606,AQUA_MODIS.20200127T142001.L2.OC.nc,,0.4120343,0.060799997
39.126396,-4.327286,AQUA_MODIS.20200127T142001.L2.OC.nc,,0.5774499,0.074
39.126396,-4.306183,AQUA_MODIS.20200127T142001.L2.OC.nc,,0.62195814,0.077199996
39.126396,-4.285078,AQUA_MODIS.20200127T142001.L2.OC.nc,,0.65422547,0.079399996
39.126396,-4.263975,AQUA_MODIS.20200127T142001.L2.OC.nc,,0.62678397,0.077599995
39.126396,-4.242872,AQUA_MODIS.20200127T142001.L2.OC.nc,,0.53266484,0.070599996
39.126396,-4.2217693,AQUA_MODIS.20200127T142001.L2.OC.nc,,0.48896277,0.0672
39.126396,-4.2006664,AQUA_MODIS.20200127T142001.L2.OC.nc,,0.4422886,0.0632
39.126396,-4.1795635,AQUA_MODIS.20200127T142001.L2.OC.nc,,0.46498695,0.0652
39.126396,-4.1584606,AQUA_MODIS.20200127T142001.L2.OC.nc,,0.47114816,0.0656
39.13683,-4.327286,AQUA_MODIS.20200127T142001.L2.OC.nc,,0.55488926,0.072399996
39.13683,-4.306183,AQUA_MODIS.20200127T142001.L2.OC.nc,,0.56409633,0.073
39.13683,-4.285078,AQUA_MODIS.20200127T142001.L2.OC.nc,,0.54274774,0.0714
39.13683,-4.263975,AQUA_MODIS.20200127T142001.L2.OC.nc,,0.51644963,0.0694
39.13683,-4.242872,AQUA_MODIS.20200127T142001.L2.OC.nc,,0.50552845,0.068399996
39.13683,-4.2217693,AQUA_MODIS.20200127T142001.L2.OC.nc,,0.50859624,0.068799995
39.13683,-4.2006664,AQUA_MODIS.20200127T142001.L2.OC.nc,,0.51376027,0.0692
39.13683,-4.1795635,AQUA_MODIS.20200127T142001.L2.OC.nc,,0.5048154,0.068399996
39.13683,-4.1584606,AQUA_MODIS.20200127T142001.L2.OC.nc,,0.51298636,0.069
39.147263,-4.3694916,AQUA_MODIS.20200127T142001.L2.OC.nc,,0.52277935,0.0698
39.147263,-4.3483887,AQUA_MODIS.20200127T142001.L2.OC.nc,,0.5894959,0.0748
39.147263,-4.327286,AQUA_MODIS.20200127T142001.L2.OC.nc,,0.5199841,0.0696
39.147263,-4.306183,AQUA_MODIS.20200127T142001.L2.OC.nc,,0.4921096,0.0674
39.147263,-4.285078,AQUA_MODIS.20200127T142001.L2.OC.nc,,0.52034736,0.0696
39.147263,-4.263975,AQUA_MODIS.20200127T142001.L2.OC.nc,,0.5418536,0.0714
39.147263,-4.242872,AQUA_MODIS.20200127T142001.L2.OC.nc,,0.53520685,0.0708
39.147263,-4.2217693,AQUA_MODIS.20200127T142001.L2.OC.nc,,0.5578011,0.0726
39.147263,-4.2006664,AQUA_MODIS.20200127T142001.L2.OC.nc,,0.52340406,0.07
39.147263,-4.1795635,AQUA_MODIS.20200127T142001.L2.OC.nc,,0.49763528,0.0678
39.147263,-4.1584606,AQUA_MODIS.20200127T142001.L2.OC.nc,,0.53198355,0.070599996
39.157692,-4.3694916,AQUA_MODIS.20200127T142001.L2.OC.nc,,0.5305359,0.0704
39.157692,-4.3483887,AQUA_MODIS.20200127T142001.L2.OC.nc,,0.5252752,0.07
39.157692,-4.327286,AQUA_MODIS.20200127T142001.L2.OC.nc,,0.52743727,0.070199996
39.157692,-4.306183,AQUA_MODIS.20200127T142001.L2.OC.nc,,0.5211002,0.0698
39.157692,-4.285078,AQUA_MODIS.20200127T142001.L2.OC.nc,,0.522415,0.0698
39.157692,-4.263975,AQUA_MODIS.20200127T142001.L2.OC.nc,,0.5194311,0.0696
39.157692,-4.242872,AQUA_MODIS.20200127T142001.L2.OC.nc,,0.49918813,0.067999996
39.157692,-4.2217693,AQUA_MODIS.20200127T142001.L2.OC.nc,,0.5372169,0.070999995
39.157692,-4.2006664,AQUA_MODIS.20200127T142001.L2.OC.nc,,0.5077497,0.0686
39.157692,-4.1795635,AQUA_MODIS.20200127T142001.L2.OC.nc,,0.5283083,0.070199996
39.157692,-4.1584606,AQUA_MODIS.20200127T142001.L2.OC.nc,,0.5027071,0.0682
39.168125,-4.3694916,AQUA_MODIS.20200127T142001.L2.OC.nc,,0.49265704,0.0674
39.168125,-4.3483887,AQUA_MODIS.20200127T142001.L2.OC.nc,,0.49403173,0.0676
39.168125,-4.327286,AQUA_MODIS.20200127T142001.L2.OC.nc,,0.5304441,0.0704
39.168125,-4.306183,AQUA_MODIS.20200127T142001.L2.OC.nc,,0.5532732,0.0722
39.168125,-4.285078,AQUA_MODIS.20200127T142001.L2.OC.nc,,0.5924422,0.074999996
39.168125,-4.263975,AQUA_MODIS.20200127T142001.L2.OC.nc,,0.5850384,0.074599996
39.168125,-4.242872,AQUA_MODIS.20200127T142001.L2.OC.nc,,0.56659776,0.073199995
39.168125,-4.2217693,AQUA_MODIS.20200127T142001.L2.OC.nc,,0.4709886,0.0656
39.168125,-4.2006664,AQUA_MODIS.20200127T142001.L2.OC.nc,,0.44450283,0.0634
39.168125,-4.1795635,AQUA_MODIS.20200127T142001.L2.OC.nc,,0.43287796,0.0624
39.168125,-4.1584606,AQUA_MODIS.20200127T142001.L2.OC.nc,,0.4051323,0.0598
39.17856,-4.3694916,AQUA_MODIS.20200127T142001.L2.OC.nc,,0.49452668,0.0676
39.17856,-4.3483887,AQUA_MODIS.20200127T142001.L2.OC.nc,,0.5380869,0.070999995
39.17856,-4.327286,AQUA_MODIS.20200127T142001.L2.OC.nc,,0.5343352,0.0708
39.17856,-4.306183,AQUA_MODIS.20200127T142001.L2.OC.nc,,0.5707614,0.0734
39.17856,-4.285078,AQUA_MODIS.20200127T142001.L2.OC.nc,,0.5423521,0.0714
39.17856,-4.263975,AQUA_MODIS.20200127T142001.L2.OC.nc,,0.5213357,0.0698
39.17856,-4.242872,AQUA_MODIS.20200127T142001.L2.OC.nc,,0.47465482,0.066
39.17856,-4.2217693,AQUA_MODIS.20200127T142001.L2.OC.nc,,0.4495874,0.0638
39.17856,-4.2006664,AQUA_MODIS.20200127T142001.L2.OC.nc,,0.47349733,0.065799996
39.17856,-4.1795635,AQUA_MODIS.20200127T142001.L2.OC.nc,,0.46660626,0.0652
39.17856,-4.1584606,AQUA_MODIS.20200127T142001.L2.OC.nc,,0.47424042,0.066
39.18899,-4.3694916,AQUA_MODIS.20200127T142001.L2.OC.nc,,0.49841893,0.067999996
39.18899,-4.3483887,AQUA_MODIS.20200127T142001.L2.OC.nc,,0.52699506,0.070199996
39.18899,-4.327286,AQUA_MODIS.20200127T142001.L2.OC.nc,,0.50518775,0.068399996
39.18899,-4.306183,AQUA_MODIS.20200127T142001.L2.OC.nc,,0.50312746,0.0682
39.18899,-4.285078,AQUA_MODIS.20200127T142001.L2.OC.nc,,0.47204402,0.065799996
39.18899,-4.263975,AQUA_MODIS.20200127T142001.L2.OC.nc,,0.47491154,0.066
39.18899,-4.242872,AQUA_MODIS.20200127T142001.L2.OC.nc,,0.5010211,0.0682
39.18899,-4.2217693,AQUA_MODIS.20200127T142001.L2.OC.nc,,0.48935908,0.0672
39.18899,-4.2006664,AQUA_MODIS.20200127T142001.L2.OC.nc,,0.51942635,0.0696
39.18899,-4.1795635,AQUA_MODIS.20200127T142001.L2.OC.nc,,0.4728959,0.065799996
39.18899,-4.1584606,AQUA_MODIS.20200127T142001.L2.OC.nc,,0.48018625,0.0664
39.199425,-4.3694916,AQUA_MODIS.20200127T142001.L2.OC.nc,,0.4777701,0.066199996
39.199425,-4.3483887,AQUA_MODIS.20200127T142001.L2.OC.nc,,0.5073676,0.0686
39.199425,-4.327286,AQUA_MODIS.20200127T142001.L2.OC.nc,,0.4992726,0.067999996
39.199425,-4.306183,AQUA_MODIS.20200127T142001.L2.OC.nc,,0.5218336,0.0698
39.199425,-4.285078,AQUA_MODIS.20200127T142001.L2.OC.nc,,0.5217255,0.0698
39.199425,-4.263975,AQUA_MODIS.20200127T142001.L2.OC.nc,,0.490169,0.0672
39.199425,-4.242872,AQUA_MODIS.20200127T142001.L2.OC.nc,,0.515159,0.0692
39.199425,-4.2217693,AQUA_MODIS.20200127T142001.L2.OC.nc,,0.47451627,0.066
39.199425,-4.2006664,AQUA_MODIS.20200127T142001.L2.OC.nc,,0.49657416,0.0678
39.199425,-4.1795635,AQUA_MODIS.20200127T142001.L2.OC.nc,,0.50728905,0.0686
39.199425,-4.1584606,AQUA_MODIS.20200127T142001.L2.OC.nc,,0.50990736,0.068799995
39.209858,-4.3694916,AQUA_MODIS.20200127T142001.L2.OC.nc,,0.5032106,0.068399996
39.209858,-4.3483887,AQUA_MODIS.20200127T142001.L2.OC.nc,,0.49036983,0.0672
39.209858,-4.327286,AQUA_MODIS.20200127T142001.L2.OC.nc,,0.47658825,0.066199996
39.209858,-4.306183,AQUA_MODIS.20200127T142001.L2.OC.nc,,0.50009024,0.067999996
39.209858,-4.285078,AQUA_MODIS.20200127T142001.L2.OC.nc,,0.49766088,0.0678
39.209858,-4.263975,AQUA_MODIS.20200127T142001.L2.OC.nc,,0.502751,0.0682
39.209858,-4.242872,AQUA_MODIS.20200127T142001.L2.OC.nc,,0.4963789,0.0678
39.209858,-4.2217693,AQUA_MODIS.20200127T142001.L2.OC.nc,,0.50601894,0.0686
39.209858,-4.2006664,AQUA_MODIS.20200127T142001.L2.OC.nc,,0.52924263,0.0704
39.209858,-4.1795635,AQUA_MODIS.20200127T142001.L2.OC.nc,,0.5166962,0.0694
39.209858,-4.1584606,AQUA_MODIS.20200127T142001.L2.OC.nc,,0.49374977,0.0676
39.22029,-4.3694916,AQUA_MODIS.20200127T142001.L2.OC.nc,,0.4827678,0.066599995
39.22029,-4.3483887,AQUA_MODIS.20200127T142001.L2.OC.nc,,0.4844433,0.0668
39.22029,-4.327286,AQUA_MODIS.20200127T142001.L2.OC.nc,,0.49965984,0.067999996
39.22029,-4.306183,AQUA_MODIS.20200127T142001.L2.OC.nc,,0.5005913,0.067999996
39.22029,-4.285078,AQUA_MODIS.20200127T142001.L2.OC.nc,,0.506987,0.0686
39.22029,-4.263975,AQUA_MODIS.20200127T142001.L2.OC.nc,,0.48254907,0.066599995
39.22029,-4.242872,AQUA_MODIS.20200127T142001.L2.OC.nc,,0.50720847,0.0686
39.22029,-4.2217693,AQUA_MODIS.20200127T142001.L2.OC.nc,,0.50835866,0.068799995
39.22029,-4.2006664,AQUA_MODIS.20200127T142001.L2.OC.nc,,0.512506,0.069
39.22029,-4.1795635,AQUA_MODIS.20200127T142001.L2.OC.nc,,0.5426555,0.0714
39.22029,-4.1584606,AQUA_MODIS.20200127T142001.L2.OC.nc,,0.50213635,0.0682
39.230724,-4.3694916,AQUA_MODIS.20200127T142001.L2.OC.nc,,0.46669087,0.0652
39.230724,-4.3483887,AQUA_MODIS.20200127T142001.L2.OC.nc,,0.49107397,0.0674
39.230724,-4.327286,AQUA_MODIS.20200127T142001.L2.OC.nc,,0.48473638,0.0668
39.230724,-4.306183,AQUA_MODIS.20200127T142001.L2.OC.nc,,0.51939774,0.0696
39.230724,-4.285078,AQUA_MODIS.20200127T142001.L2.OC.nc,,0.5104067,0.068799995
39.230724,-4.263975,AQUA_MODIS.20200127T142001.L2.OC.nc,,0.5229444,0.0698
39.230724,-4.242872,AQUA_MODIS.20200127T142001.L2.OC.nc,,0.51374465,0.0692
39.230724,-4.2217693,AQUA_MODIS.20200127T142001.L2.OC.nc,,0.5706524,0.0734
39.230724,-4.2006664,AQUA_MODIS.20200127T142001.L2.OC.nc,,0.52614933,0.070199996
39.241158,-4.3694916,AQUA_MODIS.20200127T142001.L2.OC.nc,,0.48155865,0.066599995
39.241158,-4.3483887,AQUA_MODIS.20200127T142001.L2.OC.nc,,0.5199099,0.0696
39.241158,-4.327286,AQUA_MODIS.20200127T142001.L2.OC.nc,,0.49467784,0.0676
39.241158,-4.306183,AQUA_MODIS.20200127T142001.L2.OC.nc,,0.47666687,0.066199996
39.241158,-4.285078,AQUA_MODIS.20200127T142001.L2.OC.nc,,0.50180477,0.0682
39.241158,-4.263975,AQUA_MODIS.20200127T142001.L2.OC.nc,,0.4799922,0.0664
39.241158,-4.242872,AQUA_MODIS.20200127T142001.L2.OC.nc,,0.5376882,0.070999995
39.241158,-4.2217693,AQUA_MODIS.20200127T142001.L2.OC.nc,,0.5539146,0.0722
39.241158,-4.2006664,AQUA_MODIS.20200127T142001.L2.OC.nc,,0.5068766,0.0686
39.251587,-4.3694916,AQUA_MODIS.20200127T142001.L2.OC.nc,,0.5065976,0.0686
39.251587,-4.3483887,AQUA_MODIS.20200127T142001.L2.OC.nc,,0.47651923,0.066199996
39.251587,-4.327286,AQUA_MODIS.20200127T142001.L2.OC.nc,,0.47215736,0.065799996
39.251587,-4.306183,AQUA_MODIS.20200127T142001.L2.OC.nc,,0.47877806,0.0664
39.251587,-4.285078,AQUA_MODIS.20200127T142001.L2.OC.nc,,0.51657397,0.0694
39.251587,-4.263975,AQUA_MODIS.20200127T142001.L2.OC.nc,,0.51469016,0.0692
39.251587,-4.242872,AQUA_MODIS.20200127T142001.L2.OC.nc,,0.5408313,0.0712
39.251587,-4.2217693,AQUA_MODIS.20200127T142001.L2.OC.nc,,0.5292832,0.0704
39.251587,-4.2006664,AQUA_MODIS.20200127T142001.L2.OC.nc,,0.54604256,0.0716
39.251587,-3.504263,AQUA_MODIS.20200127T142001.L2.OC.nc,,0.38017926,0.062
39.251587,-3.483158,AQUA_MODIS.20200127T142001.L2.OC.nc,,0.366452,0.060799997
39.251587,-3.4620552,AQUA_MODIS.20200127T142001.L2.OC.nc,,0.3719172,0.0614
39.251587,-3.4409523,AQUA_MODIS.20200127T142001.L2.OC.nc,,0.38356248,0.063
39.251587,-3.4198494,AQUA_MODIS.20200127T142001.L2.OC.nc,,0.44590107,0.065799996
39.251587,-3.3987465,AQUA_MODIS.20200127T142001.L2.OC.nc,,0.43155408,0.064399995
39.251587,-3.3776436,AQUA_MODIS.20200127T142001.L2.OC.nc,,0.37638152,0.0598
39.251587,-3.3565407,AQUA_MODIS.20200127T142001.L2.OC.nc,,0.4325451,0.0656
39.26202,-4.3694916,AQUA_MODIS.20200127T142001.L2.OC.nc,,0.4964426,0.0678
39.26202,-4.3483887,AQUA_MODIS.20200127T142001.L2.OC.nc,,0.46134016,0.0648
39.26202,-4.327286,AQUA_MODIS.20200127T142001.L2.OC.nc,,0.4470354,0.063599996
39.26202,-4.306183,AQUA_MODIS.20200127T142001.L2.OC.nc,,0.50425303,0.068399996
39.26202,-4.285078,AQUA_MODIS.20200127T142001.L2.OC.nc,,0.5091343,0.068799995
39.26202,-4.263975,AQUA_MODIS.20200127T142001.L2.OC.nc,,0.4949537,0.0676
39.26202,-4.242872,AQUA_MODIS.20200127T142001.L2.OC.nc,,0.52363366,0.07
39.26202,-4.2217693,AQUA_MODIS.20200127T142001.L2.OC.nc,,0.57544243,0.0738
39.26202,-4.2006664,AQUA_MODIS.20200127T142001.L2.OC.nc,,0.5478025,0.0718
39.26202,-3.504263,AQUA_MODIS.20200127T142001.L2.OC.nc,,0.379636,0.06
39.26202,-3.483158,AQUA_MODIS.20200127T142001.L2.OC.nc,,0.39306998,0.0616
39.26202,-3.4620552,AQUA_MODIS.20200127T142001.L2.OC.nc,,0.3688501,0.0594
39.26202,-3.4409523,AQUA_MODIS.20200127T142001.L2.OC.nc,,0.40307236,0.064399995
39.26202,-3.4198494,AQUA_MODIS.20200127T142001.L2.OC.nc,,0.5262186,0.070199996
39.26202,-3.3565407,AQUA_MODIS.20200127T142001.L2.OC.nc,,0.47610542,0.0708
39.272453,-4.3694916,AQUA_MODIS.20200127T142001.L2.OC.nc,,0.45555377,0.064399995
39.272453,-4.3483887,AQUA_MODIS.20200127T142001.L2.OC.nc,,0.40933672,0.0602
39.272453,-4.327286,AQUA_MODIS.20200127T142001.L2.OC.nc,,0.44042572,0.063
39.272453,-4.306183,AQUA_MODIS.20200127T142001.L2.OC.nc,,0.417993,0.060999997
39.272453,-4.285078,AQUA_MODIS.20200127T142001.L2.OC.nc,,0.45419693,0.0642
39.272453,-4.263975,AQUA_MODIS.20200127T142001.L2.OC.nc,,0.4580625,0.0646
39.272453,-4.242872,AQUA_MODIS.20200127T142001.L2.OC.nc,,0.44136968,0.063
39.272453,-4.2217693,AQUA_MODIS.20200127T142001.L2.OC.nc,,0.46165267,0.0648
39.272453,-4.2006664,AQUA_MODIS.20200127T142001.L2.OC.nc,,0.47468954,0.066
39.272453,-3.6097775,AQUA_MODIS.20200127T142001.L2.OC.nc,,0.30588627,0.0524
39.272453,-3.5886745,AQUA_MODIS.20200127T142001.L2.OC.nc,,0.34693167,0.0572
39.272453,-3.5675716,AQUA_MODIS.20200127T142001.L2.OC.nc,,0.34166455,0.055
39.272453,-3.5464687,AQUA_MODIS.20200127T142001.L2.OC.nc,,0.35481453,0.057
39.272453,-3.5253658,AQUA_MODIS.20200127T142001.L2.OC.nc,,0.3740791,0.0602
39.272453,-3.504263,AQUA_MODIS.20200127T142001.L2.OC.nc,,0.37611455,0.0602
39.272453,-3.483158,AQUA_MODIS.20200127T142001.L2.OC.nc,,0.3412847,0.0554
39.272453,-3.4620552,AQUA_MODIS.20200127T142001.L2.OC.nc,,0.3291281,0.0556
39.272453,-3.4409523,AQUA_MODIS.20200127T142001.L2.OC.nc,,0.3110261,0.0548
39.272453,-3.4198494,AQUA_MODIS.20200127T142001.L2.OC.nc,,0.33106637,0.056199998
39.272453,-3.3987465,AQUA_MODIS.20200127T142001.L2.OC.nc,,0.2946294,0.0512
39.282887,-4.3694916,AQUA_MODIS.20200127T142001.L2.OC.nc,,0.43841103,0.0628
39.282887,-4.3483887,AQUA_MODIS.20200127T142001.L2.OC.nc,,0.4667149,0.0652
39.282887,-4.327286,AQUA_MODIS.20200127T142001.L2.OC.nc,,0.44405892,0.0634
39.282887,-4.306183,AQUA_MODIS.20200127T142001.L2.OC.nc,,0.46175265,0.0648
39.282887,-4.285078,AQUA_MODIS.20200127T142001.L2.OC.nc,,0.44586694,0.0634
39.282887,-4.263975,AQUA_MODIS.20200127T142001.L2.OC.nc,,0.47874317,0.0664
39.282887,-4.242872,AQUA_MODIS.20200127T142001.L2.OC.nc,,0.4806034,0.0664
39.282887,-4.2217693,AQUA_MODIS.20200127T142001.L2.OC.nc,,0.47888216,0.0664
39.282887,-4.2006664,AQUA_MODIS.20200127T142001.L2.OC.nc,,0.4764453,0.066199996
39.282887,-3.6097775,AQUA_MODIS.20200127T142001.L2.OC.nc,,0.31202972,0.0524
39.282887,-3.5886745,AQUA_MODIS.20200127T142001.L2.OC.nc,,0.38126105,0.0596
39.282887,-3.5675716,AQUA_MODIS.20200127T142001.L2.OC.nc,,0.3691065,0.0574
39.282887,-3.5464687,AQUA_MODIS.20200127T142001.L2.OC.nc,,0.35370052,0.0574
39.282887,-3.5253658,AQUA_MODIS.20200127T142001.L2.OC.nc,,0.38393766,0.060999997
39.282887,-3.504263,AQUA_MODIS.20200127T142001.L2.OC.nc,,0.36579433,0.0598
39.282887,-3.483158,AQUA_MODIS.20200127T142001.L2.OC.nc,,0.34340185,0.0578
39.282887,-3.4620552,AQUA_MODIS.20200127T142001.L2.OC.nc,,0.32558554,0.0554
39.282887,-3.4409523,AQUA_MODIS.20200127T142001.L2.OC.nc,,0.3210403,0.0572
39.282887,-3.4198494,AQUA_MODIS.20200127T142001.L2.OC.nc,,0.38069537,0.0628
39.282887,-3.3987465,AQUA_MODIS.20200127T142001.L2.OC.nc,,0.36999825,0.0598
39.282887,-3.3776436,AQUA_MODIS.20200127T142001.L2.OC.nc,,0.35170984,0.0614
39.282887,-3.3565407,AQUA_MODIS.20200127T142001.L2.OC.nc,,0.3953215,0.065
39.29332,-3.6097775,AQUA_MODIS.20200127T142001.L2.OC.nc,,0.30959126,0.0524
39.29332,-3.5886745,AQUA_MODIS.20200127T142001.L2.OC.nc,,0.39183325,0.0598
39.29332,-3.5675716,AQUA_MODIS.20200127T142001.L2.OC.nc,,0.3719991,0.059
39.29332,-3.5464687,AQUA_MODIS.20200127T142001.L2.OC.nc,,0.36214837,0.0576
39.29332,-3.5253658,AQUA_MODIS.20200127T142001.L2.OC.nc,,0.3758839,0.0594
39.29332,-3.504263,AQUA_MODIS.20200127T142001.L2.OC.nc,,0.3509746,0.057
39.29332,-3.483158,AQUA_MODIS.20200127T142001.L2.OC.nc,,0.3317437,0.0558
39.29332,-3.4620552,AQUA_MODIS.20200127T142001.L2.OC.nc,,0.32206786,0.054199997
39.29332,-3.4409523,AQUA_MODIS.20200127T142001.L2.OC.nc,,0.32566208,0.0574
39.29332,-3.4198494,AQUA_MODIS.20200127T142001.L2.OC.nc,,0.34885103,0.058399998
39.29332,-3.3987465,AQUA_MODIS.20200127T142001.L2.OC.nc,,0.4189233,0.064399995
39.29332,-3.3776436,AQUA_MODIS.20200127T142001.L2.OC.nc,,0.39236906,0.0624
39.303753,-3.6097775,AQUA_MODIS.20200127T142001.L2.OC.nc,,0.32449204,0.0558
39.303753,-3.5886745,AQUA_MODIS.20200127T142001.L2.OC.nc,,0.38742122,0.06
39.303753,-3.5675716,AQUA_MODIS.20200127T142001.L2.OC.nc,,0.39635193,0.060999997
39.303753,-3.5464687,AQUA_MODIS.20200127T142001.L2.OC.nc,,0.35361442,0.0572
39.303753,-3.5253658,AQUA_MODIS.20200127T142001.L2.OC.nc,,0.35439658,0.058799997
39.303753,-3.504263,AQUA_MODIS.20200127T142001.L2.OC.nc,,0.34787047,0.0596
39.303753,-3.483158,AQUA_MODIS.20200127T142001.L2.OC.nc,,0.3280081,0.0572
39.303753,-3.4620552,AQUA_MODIS.20200127T142001.L2.OC.nc,,0.31317118,0.055
39.303753,-3.4409523,AQUA_MODIS.20200127T142001.L2.OC.nc,,0.36328053,0.060599998
39.303753,-3.4198494,AQUA_MODIS.20200127T142001.L2.OC.nc,,0.39296517,0.0638
39.303753,-3.3987465,AQUA_MODIS.20200127T142001.L2.OC.nc,,0.42186213,0.0656
39.303753,-3.3776436,AQUA_MODIS.20200127T142001.L2.OC.nc,,0.36953026,0.060599998
39.303753,-3.3565407,AQUA_MODIS.20200127T142001.L2.OC.nc,,0.38013327,0.0622
39.313725,-39.39794,AQUA_MODIS.20200127T142501.L2.OC.nc,,0.3052559,0.118
39.313725,-39.37037,AQUA_MODIS.20200127T142501.L2.OC.nc,,0.3910286,0.1644
39.314186,-3.6097775,AQUA_MODIS.20200127T142001.L2.OC.nc,,0.32694,0.0576
39.314186,-3.5886745,AQUA_MODIS.20200127T142001.L2.OC.nc,,0.41633055,0.0638
39.314186,-3.5675716,AQUA_MODIS.20200127T142001.L2.OC.nc,,0.40024462,0.0634
39.314186,-3.5464687,AQUA_MODIS.20200127T142001.L2.OC.nc,,0.3428395,0.0598
39.314186,-3.5253658,AQUA_MODIS.20200127T142001.L2.OC.nc,,0.3749148,0.062
39.314186,-3.504263,AQUA_MODIS.20200127T142001.L2.OC.nc,,0.34157348,0.0594
39.314186,-3.483158,AQUA_MODIS.20200127T142001.L2.OC.nc,,0.35405883,0.0594
39.314186,-3.4620552,AQUA_MODIS.20200127T142001.L2.OC.nc,,0.34546435,0.0594
39.314186,-3.4409523,AQUA_MODIS.20200127T142001.L2.OC.nc,,0.34861368,0.059
39.314186,-3.4198494,AQUA_MODIS.20200127T142001.L2.OC.nc,,0.4218688,0.066199996
39.324432,-39.37037,AQUA_MODIS.20200127T142501.L2.OC.nc,,0.4914234,0.20279999
39.32462,-3.6097775,AQUA_MODIS.20200127T142001.L2.OC.nc,,0.36478096,0.059
39.32462,-3.5886745,AQUA_MODIS.20200127T142001.L2.OC.nc,,0.4283696,0.0646
39.32462,-3.5675716,AQUA_MODIS.20200127T142001.L2.OC.nc,,0.39303327,0.060999997
39.32462,-3.5464687,AQUA_MODIS.20200127T142001.L2.OC.nc,,0.3372955,0.06
39.32462,-3.5253658,AQUA_MODIS.20200127T142001.L2.OC.nc,,0.34794337,0.0572
39.32462,-3.504263,AQUA_MODIS.20200127T142001.L2.OC.nc,,0.34014028,0.058399998
39.32462,-3.483158,AQUA_MODIS.20200127T142001.L2.OC.nc,,0.31900752,0.0572
39.32462,-3.4620552,AQUA_MODIS.20200127T142001.L2.OC.nc,,0.34585944,0.060599998
39.32462,-3.4409523,AQUA_MODIS.20200127T142001.L2.OC.nc,,0.37213653,0.062
39.32462,-3.4198494,AQUA_MODIS.20200127T142001.L2.OC.nc,,0.51089823,0.0704
39.32462,-3.3987465,AQUA_MODIS.20200127T142001.L2.OC.nc,,0.4883667,0.07
39.32462,-3.3776436,AQUA_MODIS.20200127T142001.L2.OC.nc,,0.4194107,0.066
39.32462,-3.3565407,AQUA_MODIS.20200127T142001.L2.OC.nc,,0.3177207,0.0554
39.335052,-3.6097775,AQUA_MODIS.20200127T142001.L2.OC.nc,,0.40884653,0.0638
39.335052,-3.5886745,AQUA_MODIS.20200127T142001.L2.OC.nc,,0.4812318,0.068399996
39.335052,-3.5675716,AQUA_MODIS.20200127T142001.L2.OC.nc,,0.392256,0.063599996
39.335052,-3.5464687,AQUA_MODIS.20200127T142001.L2.OC.nc,,0.33758014,0.058399998
39.335052,-3.5253658,AQUA_MODIS.20200127T142001.L2.OC.nc,,0.3350851,0.0594
39.335052,-3.504263,AQUA_MODIS.20200127T142001.L2.OC.nc,,0.35588664,0.060999997
39.335052,-3.483158,AQUA_MODIS.20200127T142001.L2.OC.nc,,0.3324316,0.058399998
39.335052,-3.4620552,AQUA_MODIS.20200127T142001.L2.OC.nc,,0.33636755,0.058199998
39.335052,-3.4409523,AQUA_MODIS.20200127T142001.L2.OC.nc,,0.43123782,0.064399995
39.335052,-3.4198494,AQUA_MODIS.20200127T142001.L2.OC.nc,,0.51186377,0.0694
39.335052,-3.3987465,AQUA_MODIS.20200127T142001.L2.OC.nc,,0.528911,0.0708
39.335052,-3.3776436,AQUA_MODIS.20200127T142001.L2.OC.nc,,0.48610154,0.0674
39.335052,-3.3565407,AQUA_MODIS.20200127T142001.L2.OC.nc,,0.358464,0.0598
39.34548,-3.6097775,AQUA_MODIS.20200127T142001.L2.OC.nc,,0.4532204,0.0654
39.34548,-3.5886745,AQUA_MODIS.20200127T142001.L2.OC.nc,,0.49759805,0.0678
39.34548,-3.5675716,AQUA_MODIS.20200127T142001.L2.OC.nc,,0.38993472,0.0638
39.34548,-3.5464687,AQUA_MODIS.20200127T142001.L2.OC.nc,,0.34607893,0.0596
39.34548,-3.5253658,AQUA_MODIS.20200127T142001.L2.OC.nc,,0.3639258,0.06
39.34548,-3.504263,AQUA_MODIS.20200127T142001.L2.OC.nc,,0.34609294,0.060399998
39.34548,-3.483158,AQUA_MODIS.20200127T142001.L2.OC.nc,,0.36136824,0.0622
39.34548,-3.4620552,AQUA_MODIS.20200127T142001.L2.OC.nc,,0.37655705,0.061199997
39.34548,-3.4409523,AQUA_MODIS.20200127T142001.L2.OC.nc,,0.49914214,0.0696
39.34548,-3.4198494,AQUA_MODIS.20200127T142001.L2.OC.nc,,0.47860333,0.0682
39.34548,-3.3987465,AQUA_MODIS.20200127T142001.L2.OC.nc,,0.4618386,0.0672
39.34548,-3.3776436,AQUA_MODIS.20200127T142001.L2.OC.nc,,0.46885344,0.069
39.34548,-3.3565407,AQUA_MODIS.20200127T142001.L2.OC.nc,,0.4901251,0.0712
39.355915,-3.6097775,AQUA_MODIS.20200127T142001.L2.OC.nc,,0.5177648,0.0698
39.355915,-3.5886745,AQUA_MODIS.20200127T142001.L2.OC.nc,,0.45334515,0.066199996
39.355915,-3.5675716,AQUA_MODIS.20200127T142001.L2.OC.nc,,0.39473873,0.0638
39.355915,-3.5464687,AQUA_MODIS.20200127T142001.L2.OC.nc,,0.35001665,0.059
39.355915,-3.5253658,AQUA_MODIS.20200127T142001.L2.OC.nc,,0.33826035,0.058799997
39.355915,-3.504263,AQUA_MODIS.20200127T142001.L2.OC.nc,,0.34585592,0.061199997
39.355915,-3.483158,AQUA_MODIS.20200127T142001.L2.OC.nc,,0.35998642,0.0624
39.355915,-3.4620552,AQUA_MODIS.20200127T142001.L2.OC.nc,,0.4122947,0.0642
39.355915,-3.4409523,AQUA_MODIS.20200127T142001.L2.OC.nc,,0.4728829,0.0698
39.355915,-3.4198494,AQUA_MODIS.20200127T142001.L2.OC.nc,,0.49913025,0.0692
39.355915,-3.3987465,AQUA_MODIS.20200127T142001.L2.OC.nc,,0.4722322,0.0674
39.355915,-3.3776436,AQUA_MODIS.20200127T142001.L2.OC.nc,,0.40798205,0.0656
39.355915,-3.3565407,AQUA_MODIS.20200127T142001.L2.OC.nc,,0.32507753,0.0574
39.36635,-3.6097775,AQUA_MODIS.20200127T142001.L2.OC.nc,,0.54940844,0.072399996
39.36635,-3.5886745,AQUA_MODIS.20200127T142001.L2.OC.nc,,0.40268126,0.0646
39.36635,-3.5675716,AQUA_MODIS.20200127T142001.L2.OC.nc,,0.36722568,0.060999997
39.36635,-3.5464687,AQUA_MODIS.20200127T142001.L2.OC.nc,,0.35723037,0.060399998
39.36635,-3.5253658,AQUA_MODIS.20200127T142001.L2.OC.nc,,0.332228,0.059
39.36635,-3.504263,AQUA_MODIS.20200127T142001.L2.OC.nc,,0.35840264,0.0618
39.36635,-3.483158,AQUA_MODIS.20200127T142001.L2.OC.nc,,0.38256449,0.0634
39.36635,-3.4620552,AQUA_MODIS.20200127T142001.L2.OC.nc,,0.44243854,0.0678
39.36635,-3.4409523,AQUA_MODIS.20200127T142001.L2.OC.nc,,0.43059304,0.067
39.36635,-3.4198494,AQUA_MODIS.20200127T142001.L2.OC.nc,,0.4422169,0.067
39.36635,-3.3987465,AQUA_MODIS.20200127T142001.L2.OC.nc,,0.45502037,0.0654
39.36635,-3.3776436,AQUA_MODIS.20200127T142001.L2.OC.nc,,0.4207151,0.067
39.36635,-3.3565407,AQUA_MODIS.20200127T142001.L2.OC.nc,,0.41810748,0.0664
39.37678,-3.6097775,AQUA_MODIS.20200127T142001.L2.OC.nc,,0.35135186,0.058199998
39.37678,-3.5886745,AQUA_MODIS.20200127T142001.L2.OC.nc,,0.4399404,0.0634
39.37678,-3.5675716,AQUA_MODIS.20200127T142001.L2.OC.nc,,0.40417644,0.060799997
39.37678,-3.5464687,AQUA_MODIS.20200127T142001.L2.OC.nc,,0.34877914,0.055999998
39.37678,-3.5253658,AQUA_MODIS.20200127T142001.L2.OC.nc,,0.36570042,0.0578
39.37678,-3.504263,AQUA_MODIS.20200127T142001.L2.OC.nc,,0.3481675,0.0568
39.37678,-3.483158,AQUA_MODIS.20200127T142001.L2.OC.nc,,0.33688456,0.057
39.37678,-3.4620552,AQUA_MODIS.20200127T142001.L2.OC.nc,,0.33831707,0.055999998
39.37678,-3.4409523,AQUA_MODIS.20200127T142001.L2.OC.nc,,0.36593577,0.0592
39.37678,-3.4198494,AQUA_MODIS.20200127T142001.L2.OC.nc,,0.51982856,0.0696
39.37678,-3.3987465,AQUA_MODIS.20200127T142001.L2.OC.nc,,0.49309912,0.0678
39.37678,-3.3776436,AQUA_MODIS.20200127T142001.L2.OC.nc,,0.42234495,0.0634
39.37678,-3.3565407,AQUA_MODIS.20200127T142001.L2.OC.nc,,0.35250908,0.0576
39.387215,-3.6097775,AQUA_MODIS.20200127T142001.L2.OC.nc,,0.39957076,0.0632
39.387215,-3.5886745,AQUA_MODIS.20200127T142001.L2.OC.nc,,0.475146,0.0674
39.387215,-3.5675716,AQUA_MODIS.20200127T142001.L2.OC.nc,,0.3802366,0.060999997
39.387215,-3.5464687,AQUA_MODIS.20200127T142001.L2.OC.nc,,0.350346,0.058399998
39.387215,-3.5253658,AQUA_MODIS.20200127T142001.L2.OC.nc,,0.34324676,0.0576
39.387215,-3.504263,AQUA_MODIS.20200127T142001.L2.OC.nc,,0.35042065,0.0572
39.387215,-3.483158,AQUA_MODIS.20200127T142001.L2.OC.nc,,0.33548146,0.058
39.387215,-3.4620552,AQUA_MODIS.20200127T142001.L2.OC.nc,,0.3442104,0.058599997
39.387215,-3.4409523,AQUA_MODIS.20200127T142001.L2.OC.nc,,0.40395334,0.062
39.387215,-3.4198494,AQUA_MODIS.20200127T142001.L2.OC.nc,,0.40737945,0.061199997
39.387215,-3.3987465,AQUA_MODIS.20200127T142001.L2.OC.nc,,0.48702052,0.067
39.387215,-3.3776436,AQUA_MODIS.20200127T142001.L2.OC.nc,,0.4625012,0.0686
39.387215,-3.3565407,AQUA_MODIS.20200127T142001.L2.OC.nc,,0.36509725,0.059
39.397648,-3.6097775,AQUA_MODIS.20200127T142001.L2.OC.nc,,0.43174663,0.0654
39.397648,-3.5886745,AQUA_MODIS.20200127T142001.L2.OC.nc,,0.4701582,0.065799996
39.397648,-3.5675716,AQUA_MODIS.20200127T142001.L2.OC.nc,,0.3999096,0.0624
39.397648,-3.5464687,AQUA_MODIS.20200127T142001.L2.OC.nc,,0.35555276,0.058599997
39.397648,-3.5253658,AQUA_MODIS.20200127T142001.L2.OC.nc,,0.32471645,0.0554
39.397648,-3.504263,AQUA_MODIS.20200127T142001.L2.OC.nc,,0.34304821,0.058199998
39.397648,-3.483158,AQUA_MODIS.20200127T142001.L2.OC.nc,,0.345376,0.057
39.397648,-3.4620552,AQUA_MODIS.20200127T142001.L2.OC.nc,,0.36807084,0.0602
39.397648,-3.4409523,AQUA_MODIS.20200127T142001.L2.OC.nc,,0.49663377,0.0686
39.40808,-3.6097775,AQUA_MODIS.20200127T142001.L2.OC.nc,,0.47388697,0.0682
39.40808,-3.5886745,AQUA_MODIS.20200127T142001.L2.OC.nc,,0.48027438,0.0664
39.40808,-3.5675716,AQUA_MODIS.20200127T142001.L2.OC.nc,,0.3890736,0.0618
39.40808,-3.5464687,AQUA_MODIS.20200127T142001.L2.OC.nc,,0.36193526,0.06
39.40808,-3.5253658,AQUA_MODIS.20200127T142001.L2.OC.nc,,0.3497078,0.0578
39.40808,-3.504263,AQUA_MODIS.20200127T142001.L2.OC.nc,,0.3406964,0.058
39.40808,-3.483158,AQUA_MODIS.20200127T142001.L2.OC.nc,,0.35761243,0.060599998
39.40808,-3.4620552,AQUA_MODIS.20200127T142001.L2.OC.nc,,0.43084294,0.0646
39.40808,-3.4409523,AQUA_MODIS.20200127T142001.L2.OC.nc,,0.47581118,0.0664
39.44981,-4.09515,AQUA_MODIS.20200127T142001.L2.OC.nc,,0.5277891,0.070199996
39.44981,-4.074047,AQUA_MODIS.20200127T142001.L2.OC.nc,,0.4492925,0.064399995
39.44981,-4.052944,AQUA_MODIS.20200127T142001.L2.OC.nc,,0.4392686,0.063599996
39.44981,-4.0318413,AQUA_MODIS.20200127T142001.L2.OC.nc,,0.45365813,0.0652
39.44981,-4.0107384,AQUA_MODIS.20200127T142001.L2.OC.nc,,0.5696129,0.0734
39.44981,-3.9896355,AQUA_MODIS.20200127T142001.L2.OC.nc,,0.6206944,0.077
39.44981,-3.9685307,AQUA_MODIS.20200127T142001.L2.OC.nc,,0.60122865,0.0758
39.44981,-3.9474277,AQUA_MODIS.20200127T142001.L2.OC.nc,,0.6340909,0.078
39.44981,-3.9263248,AQUA_MODIS.20200127T142001.L2.OC.nc,,0.6294377,0.0778
39.460243,-4.09515,AQUA_MODIS.20200127T142001.L2.OC.nc,,0.50540984,0.068399996
39.460243,-4.074047,AQUA_MODIS.20200127T142001.L2.OC.nc,,0.4426201,0.0638
39.460243,-4.052944,AQUA_MODIS.20200127T142001.L2.OC.nc,,0.41472214,0.0618
39.460243,-4.0318413,AQUA_MODIS.20200127T142001.L2.OC.nc,,0.48146316,0.066599995
39.460243,-4.0107384,AQUA_MODIS.20200127T142001.L2.OC.nc,,0.5568849,0.072399996
39.460243,-3.9896355,AQUA_MODIS.20200127T142001.L2.OC.nc,,0.58741564,0.0748
39.460243,-3.9685307,AQUA_MODIS.20200127T142001.L2.OC.nc,,0.6406242,0.0784
39.460243,-3.9474277,AQUA_MODIS.20200127T142001.L2.OC.nc,,0.6155781,0.076799996
39.460243,-3.9263248,AQUA_MODIS.20200127T142001.L2.OC.nc,,0.5893911,0.0748
39.470676,-4.09515,AQUA_MODIS.20200127T142001.L2.OC.nc,,0.5321361,0.070599996
39.470676,-4.074047,AQUA_MODIS.20200127T142001.L2.OC.nc,,0.44835666,0.0642
39.470676,-4.052944,AQUA_MODIS.20200127T142001.L2.OC.nc,,0.4632424,0.065
39.470676,-4.0318413,AQUA_MODIS.20200127T142001.L2.OC.nc,,0.50871354,0.068799995
39.470676,-4.0107384,AQUA_MODIS.20200127T142001.L2.OC.nc,,0.5805504,0.0742
39.470676,-3.9896355,AQUA_MODIS.20200127T142001.L2.OC.nc,,0.6156335,0.076799996
39.470676,-3.9685307,AQUA_MODIS.20200127T142001.L2.OC.nc,,0.6449519,0.0788
39.470676,-3.9474277,AQUA_MODIS.20200127T142001.L2.OC.nc,,0.64213526,0.0786
39.470676,-3.9263248,AQUA_MODIS.20200127T142001.L2.OC.nc,,0.61796504,0.077
39.48111,-4.09515,AQUA_MODIS.20200127T142001.L2.OC.nc,,0.45315033,0.0642
39.48111,-4.074047,AQUA_MODIS.20200127T142001.L2.OC.nc,,0.4580297,0.0646
39.48111,-4.052944,AQUA_MODIS.20200127T142001.L2.OC.nc,,0.39023796,0.0594
39.48111,-4.0318413,AQUA_MODIS.20200127T142001.L2.OC.nc,,0.3898826,0.06
39.48111,-4.0107384,AQUA_MODIS.20200127T142001.L2.OC.nc,,0.47297072,0.066199996
39.48111,-3.9896355,AQUA_MODIS.20200127T142001.L2.OC.nc,,0.5197166,0.0696
39.48111,-3.9685307,AQUA_MODIS.20200127T142001.L2.OC.nc,,0.54169655,0.0714
39.48111,-3.9474277,AQUA_MODIS.20200127T142001.L2.OC.nc,,0.5884834,0.0748
39.48111,-3.9263248,AQUA_MODIS.20200127T142001.L2.OC.nc,,0.586157,0.074599996
39.491543,-4.09515,AQUA_MODIS.20200127T142001.L2.OC.nc,,0.45258096,0.063999996
39.491543,-4.074047,AQUA_MODIS.20200127T142001.L2.OC.nc,,0.44111001,0.0634
39.491543,-4.052944,AQUA_MODIS.20200127T142001.L2.OC.nc,,0.39672145,0.0602
39.491543,-4.0318413,AQUA_MODIS.20200127T142001.L2.OC.nc,,0.42695728,0.0632
39.491543,-4.0107384,AQUA_MODIS.20200127T142001.L2.OC.nc,,0.52061594,0.0696
39.491543,-3.9896355,AQUA_MODIS.20200127T142001.L2.OC.nc,,0.5542641,0.0722
39.491543,-3.9685307,AQUA_MODIS.20200127T142001.L2.OC.nc,,0.56828856,0.0734
39.491543,-3.9474277,AQUA_MODIS.20200127T142001.L2.OC.nc,,0.581524,0.0742
39.491543,-3.9263248,AQUA_MODIS.20200127T142001.L2.OC.nc,,0.6070048,0.0762
39.501976,-4.09515,AQUA_MODIS.20200127T142001.L2.OC.nc,,0.4617235,0.0648
39.501976,-4.074047,AQUA_MODIS.20200127T142001.L2.OC.nc,,0.40121377,0.0602
39.501976,-4.052944,AQUA_MODIS.20200127T142001.L2.OC.nc,,0.37385294,0.058
39.501976,-4.0318413,AQUA_MODIS.20200127T142001.L2.OC.nc,,0.39369577,0.0596
39.501976,-4.0107384,AQUA_MODIS.20200127T142001.L2.OC.nc,,0.48432383,0.0668
39.501976,-3.9896355,AQUA_MODIS.20200127T142001.L2.OC.nc,,0.55578333,0.072399996
39.501976,-3.9685307,AQUA_MODIS.20200127T142001.L2.OC.nc,,0.55548,0.072399996
39.501976,-3.9474277,AQUA_MODIS.20200127T142001.L2.OC.nc,,0.5923998,0.074999996
39.501976,-3.9263248,AQUA_MODIS.20200127T142001.L2.OC.nc,,0.5642856,0.073
39.51241,-4.09515,AQUA_MODIS.20200127T142001.L2.OC.nc,,0.47235873,0.065799996
39.51241,-4.074047,AQUA_MODIS.20200127T142001.L2.OC.nc,,0.42474586,0.0624
39.51241,-4.052944,AQUA_MODIS.20200127T142001.L2.OC.nc,,0.40474117,0.060399998
39.51241,-4.0318413,AQUA_MODIS.20200127T142001.L2.OC.nc,,0.44309,0.0638
39.51241,-4.0107384,AQUA_MODIS.20200127T142001.L2.OC.nc,,0.5040711,0.068399996
39.51241,-3.9896355,AQUA_MODIS.20200127T142001.L2.OC.nc,,0.52109295,0.0698
39.51241,-3.9685307,AQUA_MODIS.20200127T142001.L2.OC.nc,,0.60209334,0.0758
39.51241,-3.9474277,AQUA_MODIS.20200127T142001.L2.OC.nc,,0.58758146,0.0748
39.51241,-3.9263248,AQUA_MODIS.20200127T142001.L2.OC.nc,,0.57198393,0.0736
39.522842,-4.09515,AQUA_MODIS.20200127T142001.L2.OC.nc,,0.46842736,0.0654
39.522842,-4.074047,AQUA_MODIS.20200127T142001.L2.OC.nc,,0.39896166,0.060399998
39.522842,-4.052944,AQUA_MODIS.20200127T142001.L2.OC.nc,,0.42834812,0.063
39.522842,-4.0318413,AQUA_MODIS.20200127T142001.L2.OC.nc,,0.47555125,0.066
39.522842,-4.0107384,AQUA_MODIS.20200127T142001.L2.OC.nc,,0.5904033,0.074999996
39.522842,-3.9896355,AQUA_MODIS.20200127T142001.L2.OC.nc,,0.57214105,0.0736
39.522842,-3.9685307,AQUA_MODIS.20200127T142001.L2.OC.nc,,0.57083136,0.0736
39.522842,-3.9474277,AQUA_MODIS.20200127T142001.L2.OC.nc,,0.5765613,0.074
39.522842,-3.9263248,AQUA_MODIS.20200127T142001.L2.OC.nc,,0.58423275,0.0744
39.533276,-4.09515,AQUA_MODIS.20200127T142001.L2.OC.nc,,0.42935592,0.0624
39.533276,-4.074047,AQUA_MODIS.20200127T142001.L2.OC.nc,,0.3966531,0.060399998
39.533276,-4.052944,AQUA_MODIS.20200127T142001.L2.OC.nc,,0.44749805,0.063999996
39.533276,-4.0318413,AQUA_MODIS.20200127T142001.L2.OC.nc,,0.49237186,0.0674
39.533276,-4.0107384,AQUA_MODIS.20200127T142001.L2.OC.nc,,0.5353267,0.0708
39.533276,-3.9896355,AQUA_MODIS.20200127T142001.L2.OC.nc,,0.57928884,0.0742
39.533276,-3.9685307,AQUA_MODIS.20200127T142001.L2.OC.nc,,0.54265666,0.0714
39.533276,-3.9474277,AQUA_MODIS.20200127T142001.L2.OC.nc,,0.5315479,0.070599996
39.533276,-3.9263248,AQUA_MODIS.20200127T142001.L2.OC.nc,,0.5669762,0.073199995
39.543705,-4.09515,AQUA_MODIS.20200127T142001.L2.OC.nc,,0.44292262,0.0632
39.543705,-4.074047,AQUA_MODIS.20200127T142001.L2.OC.nc,,0.47048858,0.066599995
39.543705,-4.052944,AQUA_MODIS.20200127T142001.L2.OC.nc,,0.5100408,0.068799995
39.543705,-4.0318413,AQUA_MODIS.20200127T142001.L2.OC.nc,,0.5322047,0.070599996
39.543705,-4.0107384,AQUA_MODIS.20200127T142001.L2.OC.nc,,0.5753238,0.0738
39.543705,-3.9896355,AQUA_MODIS.20200127T142001.L2.OC.nc,,0.5733545,0.0736
39.543705,-3.9685307,AQUA_MODIS.20200127T142001.L2.OC.nc,,0.55345726,0.0722
39.543705,-3.9474277,AQUA_MODIS.20200127T142001.L2.OC.nc,,0.51581407,0.0694
39.543705,-3.9263248,AQUA_MODIS.20200127T142001.L2.OC.nc,,0.55429524,0.0722
39.55414,-4.09515,AQUA_MODIS.20200127T142001.L2.OC.nc,,0.4717856,0.065799996
39.55414,-4.074047,AQUA_MODIS.20200127T142001.L2.OC.nc,,0.5110777,0.069
39.55414,-4.052944,AQUA_MODIS.20200127T142001.L2.OC.nc,,0.5210328,0.0698
39.55414,-4.0318413,AQUA_MODIS.20200127T142001.L2.OC.nc,,0.5655955,0.073199995
39.55414,-4.0107384,AQUA_MODIS.20200127T142001.L2.OC.nc,,0.6182276,0.077
39.55414,-3.9896355,AQUA_MODIS.20200127T142001.L2.OC.nc,,0.5564152,0.072399996
39.55414,-3.9685307,AQUA_MODIS.20200127T142001.L2.OC.nc,,0.52949685,0.0704
39.55414,-3.9474277,AQUA_MODIS.20200127T142001.L2.OC.nc,,0.52856016,0.0704
39.55414,-3.9263248,AQUA_MODIS.20200127T142001.L2.OC.nc,,0.5447969,0.0716
39.56457,-4.09515,AQUA_MODIS.20200127T142001.L2.OC.nc,,0.52464586,0.07
39.56457,-4.074047,AQUA_MODIS.20200127T142001.L2.OC.nc,,0.56801146,0.073199995
39.56457,-4.052944,AQUA_MODIS.20200127T142001.L2.OC.nc,,0.53315675,0.070599996
39.56457,-4.0318413,AQUA_MODIS.20200127T142001.L2.OC.nc,,0.58024836,0.0742
39.56457,-4.0107384,AQUA_MODIS.20200127T142001.L2.OC.nc,,0.59143895,0.074999996
39.56457,-3.9896355,AQUA_MODIS.20200127T142001.L2.OC.nc,,0.5345012,0.0708
39.56457,-3.9685307,AQUA_MODIS.20200127T142001.L2.OC.nc,,0.51471204,0.0692
39.56457,-3.9474277,AQUA_MODIS.20200127T142001.L2.OC.nc,,0.5387007,0.072
39.56457,-3.9263248,AQUA_MODIS.20200127T142001.L2.OC.nc,,0.53714854,0.070999995
39.575005,-4.09515,AQUA_MODIS.20200127T142001.L2.OC.nc,,0.5676881,0.073199995
39.575005,-4.074047,AQUA_MODIS.20200127T142001.L2.OC.nc,,0.56159496,0.072799996
39.575005,-4.052944,AQUA_MODIS.20200127T142001.L2.OC.nc,,0.5515259,0.072
39.575005,-4.0318413,AQUA_MODIS.20200127T142001.L2.OC.nc,,0.58510685,0.074599996
39.575005,-4.0107384,AQUA_MODIS.20200127T142001.L2.OC.nc,,0.5603194,0.072799996
39.575005,-3.9896355,AQUA_MODIS.20200127T142001.L2.OC.nc,,0.53056836,0.0704
39.575005,-3.9685307,AQUA_MODIS.20200127T142001.L2.OC.nc,,0.5294816,0.0704
39.575005,-3.9474277,AQUA_MODIS.20200127T142001.L2.OC.nc,,0.5455063,0.0722
39.575005,-3.9263248,AQUA_MODIS.20200127T142001.L2.OC.nc,,0.5455098,0.0716
39.585438,-4.09515,AQUA_MODIS.20200127T142001.L2.OC.nc,,0.42826915,0.0624
39.585438,-4.074047,AQUA_MODIS.20200127T142001.L2.OC.nc,,0.41961518,0.061199997
39.585438,-4.052944,AQUA_MODIS.20200127T142001.L2.OC.nc,,0.46622697,0.0652
39.585438,-4.0318413,AQUA_MODIS.20200127T142001.L2.OC.nc,,0.48474166,0.0668
39.585438,-4.0107384,AQUA_MODIS.20200127T142001.L2.OC.nc,,0.5228272,0.0698
39.585438,-3.9896355,AQUA_MODIS.20200127T142001.L2.OC.nc,,0.56285197,0.073
39.585438,-3.9685307,AQUA_MODIS.20200127T142001.L2.OC.nc,,0.5303159,0.0704
39.585438,-3.9474277,AQUA_MODIS.20200127T142001.L2.OC.nc,,0.4834764,0.066599995
39.585438,-3.9263248,AQUA_MODIS.20200127T142001.L2.OC.nc,,0.5250727,0.07
46.005585,-23.929113,AQUA_MODIS.20200127T142501.L2.OC.nc,,0.13877743,0.053
46.05912,-23.846394,AQUA_MODIS.20200127T142501.L2.OC.nc,,0.1362127,0.0508
46.05912,-23.791246,AQUA_MODIS.20200127T142501.L2.OC.nc,,0.14627519,0.042799998
46.069824,-23.846394,AQUA_MODIS.20200127T142501.L2.OC.nc,,0.12659158,0.046
46.069824,-23.818819,AQUA_MODIS.20200127T142501.L2.OC.nc,,0.12450047,0.0442
46.069824,-23.791246,AQUA_MODIS.20200127T142501.L2.OC.nc,,0.12184646,0.0422
46.080532,-23.818819,AQUA_MODIS.20200127T142501.L2.OC.nc,,0.12520225,0.0426
46.09124,-23.846394,AQUA_MODIS.20200127T142501.L2.OC.nc,,0.14028825,0.0462
46.09124,-23.818819,AQUA_MODIS.20200127T142501.L2.OC.nc,,0.12410076,0.0426
46.134068,-23.846394,AQUA_MODIS.20200127T142501.L2.OC.nc,,0.13160929,0.0458
